usuario_peso,usuario_estatura,usuario_objetivo,usuario_nivel,usuario_rutinas_completadas,usuario_tiempo_en_completar,ejercicios_sets,ejercicio_reps,dificultad_percibida,cansancio_percibido,id_ejercicio
63,198,ganarMasa,medio,82,62.45,2,10,2,1,5
54,178,definir,principiante,48,33.15,5,14,2,5,21
85,185,bajarPeso,medio,30,115.79,5,10,2,5,21
68,166,definir,medio,55,42.64,2,14,4,5,3
109,193,definir,experto,61,28.85,1,6,3,2,2
60,153,ganarMasa,medio,44,119.73,4,9,5,3,18
90,177,ganarMasa,experto,19,28.42,4,6,4,1,19
91,167,definir,medio,22,79.77,1,15,5,5,25
115,167,bajarPeso,principiante,54,46.31,2,12,2,1,1
56,182,bajarPeso,medio,38,38.84,1,5,4,1,24
61,195,ganarMasa,principiante,88,91.9,5,12,4,4,4
91,166,ganarMasa,experto,49,118.96,3,8,4,5,18
88,187,ganarMasa,principiante,35,68.11,3,11,2,5,25
59,196,definir,medio,93,53.07,5,6,5,2,20
107,155,definir,principiante,81,108.19,4,7,3,3,16
53,183,definir,experto,61,96.03,5,8,3,2,24
88,199,definir,experto,57,113.64,4,15,1,5,23
118,172,ganarMasa,experto,12,80.29,5,7,5,2,8
94,167,bajarPeso,experto,40,16.38,1,13,1,1,6
96,173,definir,principiante,48,55.64,1,10,2,2,20
55,185,definir,experto,24,44.11,5,8,4,3,2
94,190,bajarPeso,medio,52,113.4,4,15,3,3,20
67,152,bajarPeso,principiante,17,96.92,4,7,1,5,22
97,152,definir,principiante,7,102.44,1,13,1,3,12
60,185,definir,experto,93,109.93,4,15,4,3,13
120,159,ganarMasa,principiante,66,86.68,5,9,4,1,18
89,158,definir,principiante,69,20.57,2,5,1,5,7
82,181,definir,principiante,58,115.64,3,11,4,1,11
92,150,definir,principiante,30,23.04,3,10,5,3,24
61,177,bajarPeso,principiante,29,56.15,2,13,2,2,11
113,165,bajarPeso,principiante,29,29.27,2,8,2,1,26
93,172,bajarPeso,experto,72,32.76,1,13,2,2,24
99,177,bajarPeso,medio,9,85.81,3,10,4,4,24
109,198,bajarPeso,experto,31,27.09,3,13,5,3,19
100,159,definir,principiante,7,26.34,2,5,4,3,25
89,192,bajarPeso,medio,49,27.43,5,5,3,1,16
54,177,bajarPeso,medio,78,71.22,3,5,5,2,17
101,199,ganarMasa,principiante,31,95.4,4,5,2,4,2
93,158,bajarPeso,medio,82,70.45,5,10,1,1,5
111,197,bajarPeso,principiante,21,111.0,3,8,1,2,15
96,179,definir,principiante,80,111.52,1,12,2,5,20
96,189,bajarPeso,principiante,28,109.86,2,10,2,3,14
105,158,ganarMasa,experto,95,82.65,1,5,2,3,7
78,169,definir,principiante,38,60.21,4,5,2,3,14
80,184,bajarPeso,medio,62,48.89,5,6,5,4,15
89,158,definir,principiante,77,37.52,3,14,3,5,4
76,198,definir,principiante,74,79.3,2,14,4,2,17
98,182,ganarMasa,medio,100,24.57,4,9,4,2,9
105,176,definir,medio,66,68.26,4,13,5,1,17
87,177,ganarMasa,experto,90,87.16,5,5,3,1,25
120,183,ganarMasa,principiante,69,60.33,2,15,4,1,20
77,193,ganarMasa,principiante,46,21.23,5,9,5,3,11
71,185,definir,medio,49,105.37,2,12,4,1,9
67,176,bajarPeso,principiante,95,55.87,1,14,3,1,17
99,153,ganarMasa,principiante,61,60.74,5,14,4,1,13
78,189,definir,medio,28,36.36,4,11,5,2,7
69,178,definir,experto,3,118.59,3,5,1,4,16
119,166,definir,medio,56,105.7,1,15,2,3,12
105,187,bajarPeso,principiante,24,21.4,4,8,4,1,5
91,162,ganarMasa,experto,66,73.55,2,14,4,5,22
78,197,bajarPeso,medio,86,60.89,2,15,1,2,6
116,159,ganarMasa,medio,86,53.94,2,11,4,4,7
67,159,bajarPeso,medio,97,81.81,2,11,5,4,5
87,170,ganarMasa,experto,41,91.59,2,10,1,1,8
90,180,bajarPeso,principiante,92,60.61,5,8,2,4,1
53,198,definir,experto,81,101.49,4,7,2,3,13
101,167,bajarPeso,medio,77,66.09,4,13,5,2,5
75,152,bajarPeso,medio,65,81.02,3,6,3,1,16
98,171,definir,principiante,83,81.66,3,10,1,1,11
98,183,bajarPeso,experto,14,93.43,4,8,1,2,23
72,187,ganarMasa,principiante,19,40.65,2,8,1,4,7
108,187,definir,experto,16,79.33,1,13,4,1,4
72,171,definir,experto,84,104.97,5,6,2,3,2
61,158,definir,medio,18,46.64,2,8,2,5,1
77,155,ganarMasa,medio,24,86.37,1,11,5,5,12
96,172,definir,principiante,12,60.31,1,7,2,1,6
78,190,bajarPeso,experto,17,93.44,4,5,3,5,12
79,187,definir,principiante,63,37.5,1,11,3,1,16
102,179,bajarPeso,principiante,54,85.18,4,8,3,2,6
61,178,bajarPeso,principiante,5,115.96,5,6,5,1,8
82,192,definir,medio,33,55.43,5,12,4,1,13
95,158,bajarPeso,principiante,25,45.44,2,8,5,1,2
95,183,definir,medio,39,113.99,1,9,4,1,6
55,199,bajarPeso,principiante,69,92.48,2,5,3,4,5
70,154,ganarMasa,principiante,2,107.99,5,10,2,3,13
54,170,bajarPeso,medio,15,36.24,1,9,1,1,4
61,154,ganarMasa,principiante,71,95.07,2,14,4,2,19
90,184,bajarPeso,medio,25,47.52,4,13,4,5,14
110,171,bajarPeso,experto,2,35.29,2,11,1,1,10
73,167,bajarPeso,experto,75,23.42,4,11,4,2,20
99,169,bajarPeso,experto,85,28.09,2,9,1,5,1
112,186,ganarMasa,principiante,28,93.69,2,14,5,5,18
95,163,bajarPeso,experto,65,108.3,5,13,4,4,4
65,166,ganarMasa,medio,5,66.13,1,15,5,3,13
88,150,definir,experto,58,28.42,3,6,1,3,9
81,158,bajarPeso,experto,31,88.17,5,12,5,4,12
66,155,ganarMasa,medio,17,66.09,1,9,2,2,4
83,185,bajarPeso,experto,62,29.07,3,14,1,1,21
85,180,ganarMasa,experto,10,97.43,1,6,4,3,12
72,155,definir,principiante,80,102.19,4,11,4,1,7
55,163,ganarMasa,experto,65,99.39,2,6,4,1,23
58,173,bajarPeso,principiante,32,52.02,3,10,4,1,15
82,170,ganarMasa,medio,36,85.56,5,9,1,1,16
64,172,bajarPeso,medio,84,86.17,3,15,1,2,25
65,198,definir,experto,72,50.57,1,15,3,3,11
93,177,definir,experto,5,47.63,4,9,4,3,21
84,158,bajarPeso,experto,63,96.53,1,13,3,3,7
59,193,definir,principiante,97,93.38,5,13,3,1,17
86,169,definir,experto,72,105.25,1,8,2,5,12
87,158,bajarPeso,medio,49,80.38,4,12,2,5,20
90,151,definir,experto,87,115.33,5,10,2,3,6
112,162,bajarPeso,experto,40,105.46,4,8,5,1,2
70,184,bajarPeso,principiante,57,44.52,4,9,2,4,7
97,170,definir,medio,92,48.36,5,7,4,2,15
120,175,ganarMasa,experto,11,53.99,2,5,5,4,19
51,164,definir,medio,52,105.3,4,11,1,3,5
63,196,bajarPeso,medio,69,100.26,1,13,3,4,26
56,191,bajarPeso,medio,37,41.75,1,14,1,5,7
89,188,ganarMasa,medio,62,45.5,5,6,1,4,11
57,153,definir,experto,26,16.22,4,13,4,2,12
109,181,bajarPeso,experto,60,73.64,2,5,5,2,22
104,196,definir,medio,6,73.77,4,13,3,2,2
62,200,bajarPeso,principiante,38,26.28,5,8,2,1,22
70,156,bajarPeso,medio,18,104.79,5,8,4,3,14
106,200,ganarMasa,medio,2,70.64,3,9,1,1,13
96,156,bajarPeso,medio,45,15.13,2,10,3,5,7
90,172,ganarMasa,medio,45,51.33,5,9,4,5,2
77,186,definir,medio,10,95.16,2,11,4,5,10
99,176,ganarMasa,medio,52,82.96,1,12,1,2,23
112,155,definir,medio,86,41.89,3,12,1,2,3
52,178,ganarMasa,medio,45,17.57,4,10,4,1,19
65,163,bajarPeso,experto,74,65.49,1,10,4,1,4
112,179,bajarPeso,experto,88,103.3,4,14,1,3,11
60,175,ganarMasa,medio,88,26.92,1,9,5,4,25
72,171,bajarPeso,experto,58,35.61,1,11,2,2,8
76,183,ganarMasa,experto,18,112.46,1,6,5,3,19
54,188,bajarPeso,principiante,75,63.02,1,11,5,5,16
109,181,definir,medio,54,53.18,2,6,3,2,3
92,200,bajarPeso,experto,83,76.52,4,6,4,4,2
76,161,definir,medio,34,70.67,1,7,4,2,18
89,176,ganarMasa,principiante,67,15.48,5,8,1,5,1
92,185,definir,medio,44,70.82,3,6,2,1,6
65,183,definir,principiante,64,77.31,1,11,3,2,20
60,186,ganarMasa,medio,88,106.89,1,10,3,3,19
64,187,bajarPeso,medio,3,90.69,1,10,3,5,19
63,197,ganarMasa,medio,13,78.09,2,13,1,3,1
63,161,bajarPeso,principiante,23,42.4,5,13,4,4,9
106,179,definir,medio,82,38.59,5,11,3,1,25
112,153,definir,principiante,40,43.92,2,13,4,1,23
63,171,definir,experto,42,45.73,4,6,3,3,3
71,181,bajarPeso,experto,95,45.85,5,8,1,2,22
70,175,definir,experto,7,84.7,1,6,2,5,1
78,183,definir,medio,98,77.65,5,13,2,1,3
58,173,definir,experto,88,19.96,2,9,4,2,11
82,175,bajarPeso,experto,56,101.97,1,8,2,5,18
93,159,ganarMasa,experto,19,25.74,5,5,5,3,15
65,169,definir,medio,34,80.88,5,6,5,1,1
103,188,ganarMasa,principiante,51,117.86,1,13,1,5,3
103,190,bajarPeso,experto,97,23.92,2,11,1,4,4
88,164,definir,experto,99,97.84,3,11,3,4,4
64,150,bajarPeso,principiante,60,97.43,4,8,3,1,13
104,183,ganarMasa,experto,41,52.03,3,15,3,5,7
115,166,bajarPeso,medio,57,29.33,4,9,3,3,21
52,189,ganarMasa,experto,24,66.64,2,5,5,1,23
92,153,definir,medio,16,50.21,3,14,4,5,19
88,155,bajarPeso,medio,68,55.05,3,7,5,5,12
64,174,bajarPeso,medio,48,102.12,1,15,4,3,22
90,181,bajarPeso,principiante,39,51.99,5,10,2,1,13
116,177,definir,experto,83,69.56,4,11,2,5,5
60,158,definir,principiante,3,30.74,4,15,3,4,16
89,192,definir,medio,23,28.95,4,7,3,2,4
93,188,bajarPeso,experto,45,79.81,3,13,3,5,1
118,172,definir,principiante,94,109.2,1,8,2,3,22
91,187,definir,principiante,56,96.54,5,8,5,5,22
63,190,definir,medio,87,46.36,1,12,4,3,8
90,194,definir,principiante,64,76.51,4,8,5,2,20
107,170,definir,experto,33,51.05,3,9,2,4,15
61,184,definir,principiante,60,83.22,3,7,1,1,14
116,157,definir,experto,4,25.23,1,15,5,5,26
73,188,bajarPeso,medio,16,77.54,2,6,3,3,14
80,182,definir,medio,19,112.55,5,7,2,2,12
63,173,bajarPeso,medio,6,83.08,3,9,3,3,19
76,188,ganarMasa,experto,27,37.86,1,7,5,4,4
74,152,bajarPeso,experto,35,77.48,4,7,1,5,5
69,195,definir,medio,22,42.03,3,12,5,3,12
60,168,ganarMasa,medio,94,114.31,2,15,2,2,4
76,176,bajarPeso,principiante,76,55.93,5,9,3,5,13
50,190,definir,principiante,69,95.27,1,6,2,2,1
50,166,definir,experto,82,19.74,3,5,2,3,7
70,188,ganarMasa,principiante,45,71.87,4,5,3,2,26
62,180,bajarPeso,medio,8,43.83,3,9,1,4,22
53,200,definir,medio,73,114.03,1,5,3,5,10
63,198,bajarPeso,experto,57,83.46,5,10,5,2,17
109,179,bajarPeso,medio,92,108.7,2,5,4,3,11
114,174,bajarPeso,principiante,23,60.45,2,5,4,5,14
101,199,bajarPeso,medio,45,82.18,5,14,2,4,26
106,151,bajarPeso,principiante,85,25.09,4,15,2,4,25
81,152,bajarPeso,experto,16,106.3,2,12,5,3,25
92,177,bajarPeso,principiante,94,30.5,4,15,4,2,9
61,155,ganarMasa,principiante,18,68.05,5,13,3,5,14
57,173,ganarMasa,principiante,67,113.91,4,8,2,4,22
86,150,definir,principiante,98,26.19,2,14,2,5,12
108,159,ganarMasa,principiante,8,60.47,5,14,4,2,3
68,170,ganarMasa,principiante,77,75.28,2,13,4,3,8
103,163,definir,experto,84,113.34,1,7,1,1,10
98,192,definir,medio,3,104.88,4,8,2,2,3
89,178,ganarMasa,medio,76,33.85,4,8,5,2,24
71,169,bajarPeso,experto,70,62.57,5,13,3,3,5
98,160,definir,principiante,24,90.65,1,11,1,2,25
52,187,definir,experto,57,92.32,2,5,4,5,13
85,153,ganarMasa,principiante,35,61.77,2,15,3,4,15
73,165,bajarPeso,principiante,100,19.99,3,8,3,1,15
84,151,definir,medio,65,109.68,2,10,4,3,8
105,175,bajarPeso,principiante,55,63.24,2,8,3,1,10
97,190,ganarMasa,medio,93,38.17,2,15,3,4,23
67,164,ganarMasa,medio,96,52.71,3,5,5,4,9
56,159,definir,principiante,69,119.69,5,5,1,2,13
56,164,definir,experto,58,54.1,2,14,3,5,1
58,179,ganarMasa,experto,33,60.17,5,9,2,3,22
84,152,definir,principiante,65,117.11,1,9,2,5,5
68,162,bajarPeso,medio,81,104.08,5,14,5,3,14
71,156,bajarPeso,principiante,12,97.0,2,11,5,1,5
67,190,bajarPeso,principiante,48,52.98,4,10,1,5,20
97,185,ganarMasa,medio,56,111.5,5,6,3,5,6
89,155,ganarMasa,medio,59,87.69,4,13,2,5,23
87,183,ganarMasa,experto,16,28.95,5,14,1,4,19
56,199,bajarPeso,medio,44,82.32,1,12,5,4,21
83,178,bajarPeso,principiante,84,36.29,4,13,1,2,16
67,196,ganarMasa,experto,67,24.19,4,5,4,1,13
73,185,bajarPeso,experto,26,88.43,1,12,1,5,24
99,155,bajarPeso,experto,66,63.84,5,11,1,5,10
101,150,ganarMasa,principiante,51,100.26,2,5,2,2,17
68,173,bajarPeso,principiante,70,95.59,1,13,5,1,16
75,159,bajarPeso,medio,12,22.16,1,9,2,1,8
75,194,ganarMasa,experto,79,101.59,2,8,3,3,19
103,169,ganarMasa,principiante,87,93.51,3,13,2,5,10
85,185,bajarPeso,principiante,43,66.46,1,5,2,5,17
66,162,bajarPeso,medio,41,51.53,3,14,2,5,9
52,173,ganarMasa,medio,74,67.23,5,11,5,2,15
105,177,bajarPeso,principiante,87,104.54,3,12,2,5,12
63,158,bajarPeso,medio,16,24.17,3,6,1,4,26
120,182,definir,experto,74,44.14,1,9,2,2,3
53,191,bajarPeso,experto,62,108.59,3,15,3,2,3
74,197,definir,medio,9,64.32,4,11,5,4,4
67,165,ganarMasa,principiante,6,80.53,5,12,4,3,10
71,151,definir,medio,41,64.1,1,7,3,1,15
92,151,ganarMasa,principiante,86,50.5,1,6,2,2,24
67,166,ganarMasa,principiante,90,111.73,3,9,2,1,9
102,158,bajarPeso,principiante,63,107.1,4,12,4,5,23
56,154,definir,principiante,41,62.11,3,10,5,3,21
67,175,ganarMasa,experto,65,93.33,2,13,2,1,16
82,168,bajarPeso,experto,44,111.96,5,13,1,3,9
102,172,definir,principiante,5,16.58,1,6,4,1,10
71,161,definir,principiante,49,41.98,3,12,3,2,21
105,158,ganarMasa,medio,11,104.52,4,7,1,2,23
68,165,ganarMasa,medio,10,97.94,3,13,2,2,12
84,199,bajarPeso,medio,42,19.59,5,12,5,3,15
95,162,bajarPeso,principiante,85,56.79,5,14,2,4,1
116,178,bajarPeso,principiante,16,75.45,3,5,1,4,16
99,157,definir,principiante,64,55.81,4,7,3,2,14
63,190,bajarPeso,experto,80,89.35,3,9,4,5,21
84,191,ganarMasa,principiante,29,19.22,5,8,1,1,19
51,159,bajarPeso,principiante,13,61.64,3,7,3,2,6
55,156,ganarMasa,experto,2,107.61,4,6,5,2,15
111,153,definir,medio,40,112.67,1,9,5,2,25
106,151,bajarPeso,experto,64,40.94,4,13,2,4,2
106,161,definir,principiante,97,90.85,1,11,1,3,5
85,159,ganarMasa,principiante,47,118.98,2,10,2,2,24
105,165,ganarMasa,experto,10,87.5,1,5,3,1,5
115,186,definir,medio,25,80.66,4,5,2,1,16
56,173,ganarMasa,experto,93,22.02,5,14,3,5,7
115,150,bajarPeso,medio,33,30.94,3,15,1,5,22
105,200,bajarPeso,medio,14,66.36,2,14,1,3,21
61,163,bajarPeso,experto,73,45.94,1,13,1,3,9
73,170,definir,experto,19,65.02,1,13,4,1,5
93,170,ganarMasa,principiante,65,95.39,1,10,2,3,6
86,192,bajarPeso,experto,76,104.81,2,8,4,5,19
67,150,ganarMasa,medio,96,36.91,2,12,2,5,11
92,192,definir,experto,85,71.41,1,8,3,4,20
73,159,bajarPeso,medio,83,26.26,5,6,4,5,13
115,199,definir,medio,55,24.06,5,7,1,5,16
103,193,ganarMasa,experto,60,31.91,4,6,4,5,16
106,157,ganarMasa,experto,16,29.83,1,13,3,3,2
107,196,ganarMasa,experto,3,110.31,3,14,3,1,10
82,183,definir,medio,64,63.3,4,14,3,1,26
56,150,ganarMasa,principiante,69,46.33,4,8,4,2,22
81,181,bajarPeso,medio,24,42.62,3,11,1,2,25
80,185,bajarPeso,principiante,74,52.33,1,12,2,5,6
91,170,definir,experto,39,119.46,4,15,2,5,6
99,195,bajarPeso,principiante,62,70.53,4,6,4,3,21
113,167,definir,medio,51,57.91,4,6,2,1,11
106,176,definir,medio,50,119.64,1,15,5,1,20
79,160,ganarMasa,principiante,71,88.25,5,9,2,5,21
113,168,definir,medio,40,32.45,1,6,3,4,12
56,163,ganarMasa,experto,97,112.45,4,10,5,1,26
87,156,bajarPeso,experto,99,55.34,3,10,1,2,17
95,196,definir,medio,14,49.63,2,5,5,3,13
98,198,ganarMasa,experto,95,74.35,5,11,4,2,15
61,193,bajarPeso,principiante,42,104.01,2,12,1,1,3
109,163,ganarMasa,medio,46,26.58,4,5,2,3,5
107,185,ganarMasa,experto,94,83.5,2,11,2,1,6
110,184,ganarMasa,experto,61,71.99,1,11,1,1,11
54,167,ganarMasa,experto,40,17.66,5,11,2,3,16
62,200,definir,principiante,34,100.87,2,7,4,1,23
82,177,definir,experto,15,101.9,5,15,5,2,7
76,161,definir,principiante,29,85.71,5,10,4,2,6
76,161,definir,principiante,46,72.13,5,10,2,2,16
64,156,ganarMasa,principiante,76,70.17,4,12,1,4,14
81,155,bajarPeso,experto,36,50.51,2,15,4,5,14
93,193,bajarPeso,principiante,50,62.7,3,8,3,3,10
116,173,bajarPeso,medio,42,54.82,1,7,3,3,11
78,188,definir,principiante,86,98.79,3,14,1,2,17
111,152,ganarMasa,experto,96,84.83,1,12,2,1,18
82,180,bajarPeso,medio,5,109.09,3,12,3,5,21
117,185,bajarPeso,medio,49,29.6,3,7,1,2,25
89,155,definir,experto,25,79.58,2,13,1,1,19
54,199,ganarMasa,experto,98,71.87,2,7,3,2,24
95,196,definir,experto,99,72.01,2,14,3,1,12
99,179,bajarPeso,medio,31,69.7,2,7,4,4,6
77,150,bajarPeso,principiante,20,111.59,4,6,4,4,21
84,200,ganarMasa,experto,73,115.86,3,10,4,3,7
79,165,definir,principiante,69,79.21,2,12,1,2,24
89,156,ganarMasa,principiante,30,81.23,2,7,5,5,7
93,162,bajarPeso,experto,46,24.54,3,14,5,1,11
104,192,ganarMasa,medio,3,54.38,4,12,2,5,2
92,189,bajarPeso,experto,25,65.23,4,8,3,5,12
87,158,bajarPeso,principiante,81,116.93,4,12,1,5,25
101,177,ganarMasa,experto,60,105.1,2,6,1,4,12
63,151,ganarMasa,principiante,75,16.15,2,12,5,5,11
92,187,bajarPeso,experto,71,102.51,2,13,1,4,14
50,153,ganarMasa,medio,96,117.39,5,13,1,3,21
113,197,ganarMasa,experto,48,39.69,4,14,1,1,1
114,156,bajarPeso,experto,34,43.43,1,11,2,3,24
115,161,definir,medio,7,100.58,3,10,5,3,21
76,183,definir,experto,51,115.66,1,15,2,4,5
119,166,bajarPeso,medio,84,69.42,3,6,4,5,8
96,162,definir,medio,83,45.56,1,8,2,3,24
100,163,bajarPeso,principiante,87,89.36,4,15,4,4,19
56,172,definir,experto,95,21.38,1,9,5,5,2
86,194,bajarPeso,medio,48,100.92,4,9,4,2,25
105,168,bajarPeso,principiante,1,52.89,4,7,3,3,18
105,168,ganarMasa,experto,6,88.67,5,10,2,4,21
119,188,definir,medio,67,98.87,2,15,1,3,10
80,162,bajarPeso,principiante,88,26.15,3,15,3,2,12
116,187,ganarMasa,medio,99,93.77,3,5,4,4,12
91,174,definir,experto,38,43.31,1,8,4,1,20
113,195,ganarMasa,medio,37,69.78,4,13,1,3,6
90,156,bajarPeso,principiante,96,23.49,5,9,3,3,23
58,181,definir,experto,14,32.76,1,10,4,1,10
72,166,bajarPeso,principiante,98,26.85,2,6,3,3,5
85,198,definir,medio,89,42.22,2,11,3,1,2
111,180,bajarPeso,principiante,41,100.71,3,12,5,5,9
97,178,definir,experto,97,79.94,3,13,1,4,23
81,190,definir,principiante,50,36.63,4,11,4,4,10
111,193,bajarPeso,medio,9,97.62,4,12,4,3,10
55,158,definir,experto,12,74.17,4,8,1,1,17
81,160,definir,principiante,75,65.27,5,13,4,3,12
53,171,definir,medio,93,102.6,2,10,5,1,9
115,190,bajarPeso,principiante,14,75.08,3,12,5,3,9
78,192,definir,experto,34,18.11,1,9,1,3,25
117,166,bajarPeso,principiante,74,46.94,3,10,4,5,2
64,168,ganarMasa,experto,5,67.09,1,6,2,5,9
96,180,bajarPeso,principiante,21,18.21,2,11,4,4,26
93,196,ganarMasa,principiante,94,119.3,5,14,4,2,15
59,194,ganarMasa,experto,30,41.17,3,6,2,3,9
64,180,definir,principiante,48,67.82,2,8,5,4,22
76,188,bajarPeso,experto,62,45.05,1,13,4,2,5
117,161,ganarMasa,experto,14,81.47,2,7,5,1,3
65,200,definir,medio,90,88.92,3,8,1,5,20
94,197,bajarPeso,medio,78,44.64,4,8,2,2,11
92,177,definir,medio,4,72.48,4,6,5,1,9
100,196,ganarMasa,experto,38,32.56,3,13,1,2,23
71,156,bajarPeso,experto,39,47.06,4,11,5,3,14
88,184,definir,medio,50,83.56,3,8,1,2,20
68,173,definir,medio,78,58.91,2,14,1,1,22
115,194,bajarPeso,experto,60,52.45,1,14,1,3,1
96,196,bajarPeso,principiante,69,100.65,5,12,1,1,2
112,162,definir,medio,70,64.25,4,14,5,4,26
95,173,bajarPeso,medio,27,44.46,2,12,1,2,5
111,154,bajarPeso,principiante,90,56.23,2,7,5,1,17
83,163,ganarMasa,experto,41,110.16,5,8,2,4,26
72,192,bajarPeso,principiante,62,17.19,2,9,2,4,23
53,164,definir,medio,88,74.74,3,10,4,5,14
104,190,definir,principiante,55,40.16,1,7,1,1,17
58,159,bajarPeso,experto,57,17.97,1,13,5,4,20
59,159,bajarPeso,medio,32,27.37,1,6,2,2,16
95,179,ganarMasa,medio,99,37.35,4,8,3,4,23
118,171,bajarPeso,experto,83,117.05,2,7,2,5,21
113,174,ganarMasa,medio,48,44.88,2,13,2,4,23
58,157,ganarMasa,medio,21,61.18,2,6,4,2,11
112,178,ganarMasa,experto,40,77.06,2,8,5,2,11
82,199,bajarPeso,experto,6,109.48,5,14,2,1,3
100,165,ganarMasa,principiante,58,79.76,2,9,3,3,6
61,166,definir,experto,83,36.19,3,12,4,2,3
69,179,ganarMasa,medio,43,43.44,5,8,5,3,24
111,167,ganarMasa,experto,73,53.7,5,13,1,4,26
88,194,ganarMasa,medio,87,28.27,4,13,1,5,16
86,196,bajarPeso,medio,64,58.93,4,14,5,3,21
80,156,definir,medio,21,82.78,3,5,5,1,8
57,178,ganarMasa,experto,98,97.62,2,15,1,4,15
78,192,bajarPeso,experto,17,102.75,3,11,2,4,3
107,167,bajarPeso,medio,33,31.9,4,6,5,5,11
91,159,definir,experto,4,52.73,4,15,4,1,14
109,186,ganarMasa,principiante,59,88.75,2,6,3,3,10
67,165,ganarMasa,experto,44,86.54,4,9,5,4,9
57,196,definir,principiante,62,92.28,2,5,4,4,26
96,156,bajarPeso,medio,45,91.3,1,7,4,1,14
115,152,definir,experto,9,59.28,4,14,1,3,2
93,193,ganarMasa,experto,59,15.1,1,12,5,4,18
115,200,bajarPeso,experto,11,98.86,4,8,5,2,19
78,176,ganarMasa,principiante,59,45.18,4,15,1,4,8
82,172,definir,experto,39,109.27,5,13,4,4,23
82,185,definir,principiante,38,67.71,4,15,2,3,24
113,187,bajarPeso,medio,82,29.71,2,14,3,4,18
71,152,bajarPeso,experto,18,20.86,1,12,2,2,3
61,165,definir,principiante,65,66.88,2,6,3,2,13
116,193,definir,principiante,35,65.68,5,13,1,3,3
55,166,ganarMasa,principiante,8,102.14,2,9,3,4,18
102,187,bajarPeso,experto,75,23.96,4,12,4,1,25
95,185,ganarMasa,principiante,91,15.09,4,14,2,5,14
58,166,definir,experto,36,64.83,2,12,3,4,18
50,198,ganarMasa,medio,85,73.32,1,10,2,5,20
118,150,definir,experto,23,87.83,3,13,1,5,16
89,165,definir,medio,26,99.9,1,10,1,4,1
56,165,bajarPeso,medio,32,65.73,5,13,3,1,13
99,196,ganarMasa,principiante,20,101.81,5,11,4,4,3
56,185,bajarPeso,principiante,79,79.47,5,10,5,4,14
114,187,bajarPeso,medio,9,99.64,4,5,3,5,18
116,179,ganarMasa,experto,33,92.81,4,8,4,1,25
77,175,definir,medio,49,65.51,2,15,1,4,12
94,180,bajarPeso,principiante,32,46.02,1,12,5,1,26
72,189,ganarMasa,experto,24,34.39,1,11,4,1,14
63,169,bajarPeso,experto,7,65.07,3,8,4,2,17
58,192,definir,medio,93,56.18,4,10,2,4,21
74,175,ganarMasa,experto,63,93.78,1,10,2,2,5
96,196,ganarMasa,medio,99,42.13,5,6,4,3,4
95,168,bajarPeso,principiante,37,69.99,4,6,1,5,10
114,184,ganarMasa,experto,20,79.36,1,9,3,3,3
60,160,bajarPeso,principiante,39,90.45,3,6,2,2,21
73,175,definir,medio,44,63.71,3,14,4,1,26
101,160,bajarPeso,experto,93,57.35,3,15,3,1,17
107,157,bajarPeso,medio,72,40.04,2,15,4,2,8
120,186,bajarPeso,medio,70,113.96,3,11,3,3,7
77,166,bajarPeso,medio,41,83.76,5,15,1,4,7
69,179,definir,principiante,72,60.1,4,8,1,2,24
67,150,bajarPeso,medio,3,106.08,1,14,5,2,9
83,173,definir,experto,23,101.22,3,9,5,5,24
97,195,ganarMasa,medio,67,107.88,4,11,3,3,10
54,153,bajarPeso,medio,98,97.94,3,6,4,1,23
108,162,ganarMasa,principiante,47,28.99,1,15,5,3,15
85,159,definir,principiante,27,84.87,5,14,2,4,19
109,175,definir,experto,6,20.44,4,15,3,1,19
88,194,bajarPeso,medio,49,40.86,5,12,5,2,20
72,150,definir,medio,56,81.02,1,10,3,5,12
51,155,definir,medio,3,76.58,2,8,1,1,23
112,162,definir,experto,85,104.06,3,5,1,4,19
86,178,definir,experto,71,88.24,4,11,1,2,16
62,169,ganarMasa,experto,66,55.0,1,9,3,1,18
70,150,ganarMasa,principiante,53,45.99,5,11,3,5,17
78,190,definir,experto,38,19.06,1,8,5,5,23
59,151,ganarMasa,experto,72,112.47,3,9,3,5,19
101,180,ganarMasa,experto,11,81.16,4,6,5,1,12
112,185,ganarMasa,medio,68,25.39,3,9,2,4,7
67,176,bajarPeso,principiante,30,16.29,4,9,5,5,1
85,154,bajarPeso,experto,26,118.17,2,6,1,2,4
113,160,bajarPeso,experto,5,24.71,4,13,5,1,20
60,199,definir,medio,36,33.26,3,13,5,4,13
103,167,bajarPeso,medio,93,54.67,5,7,5,3,10
88,166,definir,principiante,88,39.18,3,13,2,1,3
102,168,bajarPeso,principiante,78,91.91,1,5,1,3,2
80,200,ganarMasa,medio,58,70.6,4,15,5,3,3
95,150,bajarPeso,experto,85,62.84,3,5,4,1,7
91,165,ganarMasa,experto,6,56.13,3,8,3,2,20
73,172,ganarMasa,experto,36,41.58,5,5,4,2,1
89,172,bajarPeso,medio,5,17.12,2,6,5,4,25
100,197,ganarMasa,medio,25,32.94,2,9,5,1,3
105,173,ganarMasa,experto,98,65.27,2,12,5,4,16
111,183,ganarMasa,experto,39,43.74,5,14,1,4,12
88,158,ganarMasa,principiante,46,107.43,5,6,4,4,3
104,182,ganarMasa,principiante,18,17.4,2,13,4,4,10
75,190,bajarPeso,principiante,33,24.01,5,5,2,3,23
120,162,definir,experto,70,106.27,4,6,1,1,19
68,171,ganarMasa,experto,27,86.1,5,10,1,5,26
77,190,definir,experto,79,87.69,1,8,1,5,2
89,160,definir,experto,12,39.33,2,11,1,5,24
120,191,ganarMasa,experto,10,56.07,1,7,4,5,23
90,195,definir,medio,12,107.54,3,9,3,3,18
71,171,ganarMasa,experto,86,83.08,3,9,1,4,19
87,157,ganarMasa,principiante,33,29.72,1,5,3,5,4
83,164,definir,principiante,21,29.73,5,9,3,1,2
55,168,bajarPeso,medio,13,93.29,4,6,4,4,2
103,170,ganarMasa,experto,53,74.27,1,8,2,4,24
101,187,definir,principiante,61,57.68,5,7,2,5,11
75,161,bajarPeso,principiante,54,40.82,5,15,1,3,23
113,193,bajarPeso,principiante,70,39.4,4,12,1,3,26
98,167,definir,experto,17,108.23,5,5,3,5,23
61,194,ganarMasa,principiante,85,60.66,3,5,1,4,6
101,190,ganarMasa,medio,45,109.01,5,15,3,1,2
89,162,definir,principiante,16,87.87,3,11,2,5,16
99,178,definir,principiante,98,89.83,4,9,5,4,13
95,189,bajarPeso,medio,66,39.14,4,12,4,1,4
104,166,bajarPeso,experto,11,92.92,1,12,1,3,19
76,178,bajarPeso,experto,66,39.32,2,9,3,1,26
72,194,bajarPeso,medio,14,18.17,4,9,5,4,12
87,186,bajarPeso,principiante,44,48.6,4,11,5,3,6
63,193,bajarPeso,medio,90,77.49,3,10,3,4,4
75,165,definir,experto,87,106.81,1,12,5,3,12
57,186,bajarPeso,medio,29,39.08,5,9,1,3,21
62,183,ganarMasa,experto,34,86.04,4,12,3,4,21
113,164,definir,experto,80,61.37,1,12,3,2,13
54,156,ganarMasa,medio,69,43.89,1,8,2,3,10
67,154,ganarMasa,medio,18,87.4,2,5,3,5,10
90,185,bajarPeso,principiante,16,65.74,4,13,4,4,5
92,170,ganarMasa,medio,12,18.08,2,6,2,2,16
72,151,ganarMasa,medio,6,31.09,4,13,5,5,7
83,187,definir,experto,97,82.13,1,5,3,5,24
69,183,definir,experto,87,73.89,1,11,2,2,4
101,155,definir,principiante,23,81.82,2,12,2,2,2
104,159,bajarPeso,experto,75,15.41,1,15,3,1,17
81,163,ganarMasa,experto,73,46.41,3,5,5,1,20
88,188,bajarPeso,medio,21,103.18,4,11,1,3,19
104,200,ganarMasa,experto,11,53.86,3,7,4,3,12
50,161,bajarPeso,principiante,70,97.44,5,6,2,5,18
116,170,bajarPeso,medio,48,47.37,4,11,4,3,8
105,184,definir,experto,68,18.37,5,8,3,5,25
102,172,bajarPeso,experto,8,29.45,2,12,3,1,13
117,195,definir,experto,94,103.31,1,12,3,2,2
75,195,bajarPeso,medio,6,75.54,5,5,4,2,21
57,181,definir,medio,39,103.36,5,15,4,5,21
92,172,bajarPeso,medio,33,108.93,4,5,3,4,15
70,197,ganarMasa,principiante,88,55.23,2,10,1,4,7
96,175,definir,principiante,55,53.45,4,14,1,5,8
64,167,ganarMasa,principiante,46,62.84,1,6,3,2,26
75,185,definir,experto,61,21.64,3,15,2,3,23
107,175,ganarMasa,medio,97,87.12,5,10,3,4,15
89,189,ganarMasa,medio,50,103.06,2,5,5,2,3
98,167,ganarMasa,principiante,20,37.7,2,14,2,1,14
67,151,definir,principiante,89,74.57,3,9,2,5,2
100,166,bajarPeso,principiante,97,119.17,4,15,1,1,23
86,168,definir,experto,64,63.57,2,13,1,1,21
87,171,ganarMasa,principiante,88,23.79,4,5,2,2,26
111,185,ganarMasa,principiante,43,60.15,2,11,4,4,19
78,181,bajarPeso,experto,32,113.59,3,10,2,4,18
118,192,bajarPeso,medio,85,65.88,3,15,4,3,4
114,175,definir,experto,71,50.55,4,14,5,2,9
99,195,ganarMasa,principiante,65,21.89,1,7,1,2,18
56,166,ganarMasa,medio,26,58.59,5,7,1,4,17
77,157,bajarPeso,principiante,30,84.73,2,13,5,2,6
103,162,bajarPeso,experto,49,117.02,2,11,1,1,12
69,175,ganarMasa,principiante,78,99.16,3,7,2,3,5
60,150,definir,principiante,9,55.4,1,15,1,5,4
102,195,bajarPeso,principiante,26,73.39,1,14,3,3,13
54,180,bajarPeso,medio,47,82.55,1,14,2,3,25
106,182,definir,experto,73,19.19,3,7,4,1,11
92,173,ganarMasa,experto,70,70.94,1,5,4,1,14
69,189,bajarPeso,principiante,97,104.7,2,13,1,5,15
103,162,definir,medio,89,77.79,4,9,2,3,19
107,191,definir,medio,31,33.37,4,12,3,2,17
84,196,bajarPeso,principiante,76,98.33,1,11,4,3,10
50,200,definir,principiante,16,94.69,4,13,3,5,7
86,164,bajarPeso,medio,63,57.95,2,6,5,2,12
111,154,ganarMasa,medio,11,38.01,2,9,4,4,10
54,189,ganarMasa,medio,56,41.22,2,12,5,4,25
86,192,ganarMasa,medio,53,67.37,5,9,1,5,6
113,197,ganarMasa,principiante,87,31.82,3,15,5,3,4
75,167,definir,medio,26,62.83,2,13,4,1,19
68,182,definir,principiante,86,71.53,3,9,5,2,11
75,153,bajarPeso,medio,63,116.38,4,8,3,5,10
84,161,bajarPeso,medio,64,18.79,4,14,4,5,21
95,191,bajarPeso,principiante,21,95.12,1,14,4,3,17
87,198,ganarMasa,principiante,20,17.67,5,9,1,1,7
116,199,bajarPeso,experto,68,31.51,3,5,5,3,3
119,152,bajarPeso,principiante,56,20.04,3,10,2,4,19
80,188,ganarMasa,experto,5,40.47,4,8,1,2,8
86,194,bajarPeso,medio,29,89.79,2,7,5,4,7
67,189,bajarPeso,principiante,2,77.26,5,12,4,2,1
118,195,ganarMasa,medio,48,84.78,1,10,5,3,20
55,197,definir,experto,48,107.01,2,14,3,1,8
107,151,definir,medio,76,59.73,5,12,2,1,20
61,178,ganarMasa,principiante,49,89.72,2,7,5,3,24
76,162,ganarMasa,experto,34,91.66,5,7,5,4,26
64,167,ganarMasa,principiante,98,81.59,4,12,3,2,18
67,185,definir,medio,100,81.65,5,10,2,4,9
53,157,definir,medio,4,81.03,2,12,1,4,1
109,170,definir,medio,7,43.14,3,14,4,1,7
96,153,ganarMasa,principiante,28,83.37,4,9,4,5,7
60,172,bajarPeso,medio,16,67.66,4,10,2,1,10
65,191,definir,principiante,98,82.34,4,15,4,5,12
63,182,definir,medio,42,100.52,2,9,5,5,24
107,183,definir,principiante,78,39.83,5,7,5,3,4
84,168,bajarPeso,principiante,40,68.16,3,11,1,2,13
86,183,bajarPeso,principiante,56,114.95,1,7,4,4,24
58,178,bajarPeso,experto,90,62.07,3,9,1,2,7
68,150,definir,principiante,47,50.34,2,10,3,5,26
86,199,bajarPeso,experto,71,87.23,4,8,3,2,25
86,178,ganarMasa,experto,47,32.75,5,6,5,2,11
103,151,definir,principiante,87,51.19,4,6,2,1,23
116,189,bajarPeso,principiante,37,113.37,2,7,1,5,21
55,161,definir,experto,58,17.82,5,12,5,3,25
95,182,definir,principiante,88,103.28,5,5,2,1,12
101,161,bajarPeso,experto,9,58.92,1,13,5,3,4
118,151,ganarMasa,principiante,94,94.86,5,11,1,5,22
57,178,definir,experto,90,52.48,1,10,5,3,4
114,177,definir,experto,40,52.95,1,6,5,3,15
101,179,bajarPeso,medio,6,30.52,5,7,5,2,23
69,154,ganarMasa,medio,25,100.03,3,15,3,3,13
74,168,definir,principiante,92,74.71,3,14,3,4,12
53,192,bajarPeso,medio,50,28.38,2,11,2,3,16
51,199,bajarPeso,principiante,3,20.17,3,13,4,1,20
93,189,bajarPeso,medio,26,84.26,5,7,4,3,7
110,184,definir,medio,48,72.91,3,12,1,1,1
82,197,bajarPeso,medio,62,26.27,1,6,2,3,19
112,157,ganarMasa,experto,48,46.72,2,12,4,3,12
74,171,ganarMasa,principiante,17,105.19,5,11,2,1,23
72,193,definir,medio,86,16.16,5,9,1,3,12
77,170,ganarMasa,principiante,94,82.25,1,9,1,5,11
84,170,bajarPeso,experto,87,115.18,5,7,3,1,9
96,150,definir,experto,60,42.41,4,12,3,2,7
94,153,definir,medio,54,32.21,1,12,4,3,5
75,187,definir,experto,2,86.28,4,14,2,5,13
85,195,definir,experto,41,87.26,2,10,5,1,20
120,157,ganarMasa,medio,72,15.55,1,10,1,1,21
52,161,ganarMasa,medio,74,105.45,3,13,1,4,2
83,150,bajarPeso,medio,8,118.29,3,12,3,1,7
99,189,definir,principiante,60,57.08,4,7,5,4,8
59,160,ganarMasa,medio,16,25.82,3,5,4,4,20
94,166,ganarMasa,principiante,39,118.03,3,12,3,5,8
87,185,definir,experto,20,39.42,2,11,5,2,24
53,185,ganarMasa,principiante,71,62.81,5,7,4,1,1
117,167,ganarMasa,medio,44,74.93,4,5,5,2,7
94,194,bajarPeso,experto,97,43.88,3,12,2,4,7
57,167,ganarMasa,medio,15,58.23,2,12,1,3,20
82,197,definir,experto,29,111.93,2,6,5,2,1
89,199,definir,experto,94,55.31,3,6,2,5,26
89,176,definir,medio,80,113.67,3,14,5,4,26
96,179,ganarMasa,medio,25,111.55,1,6,1,2,17
117,194,definir,experto,95,55.27,3,5,2,1,24
114,164,ganarMasa,experto,61,84.32,3,8,1,5,5
63,189,bajarPeso,principiante,3,77.07,3,10,5,4,14
95,195,bajarPeso,principiante,79,88.71,3,6,3,1,18
52,180,definir,experto,46,116.6,2,6,1,4,8
111,200,definir,medio,3,84.18,3,11,3,4,13
110,154,bajarPeso,medio,80,57.48,4,13,1,4,26
87,169,definir,principiante,72,37.85,2,10,2,1,11
87,187,bajarPeso,principiante,64,100.7,4,12,4,2,8
118,185,bajarPeso,experto,95,109.16,4,9,4,5,24
65,194,definir,experto,36,62.66,4,8,4,1,11
67,151,definir,experto,81,104.26,1,13,4,2,6
81,160,definir,principiante,23,57.95,1,7,4,1,3
81,154,definir,experto,26,65.12,2,13,5,4,16
93,174,definir,principiante,72,26.63,4,7,1,5,7
81,159,bajarPeso,principiante,79,92.0,2,8,5,2,5
94,184,bajarPeso,principiante,43,25.57,4,5,5,2,18
96,152,ganarMasa,principiante,56,118.25,5,8,3,2,26
71,182,definir,medio,13,55.43,3,10,2,4,16
93,196,definir,experto,16,17.5,3,15,3,1,25
76,153,bajarPeso,medio,37,82.56,5,12,3,3,25
117,176,definir,experto,56,19.52,2,14,5,4,18
76,189,ganarMasa,experto,85,34.45,1,14,4,1,20
96,189,bajarPeso,principiante,90,61.32,2,7,5,5,4
106,171,definir,experto,47,28.7,1,9,4,4,25
106,189,bajarPeso,experto,61,53.46,1,8,3,4,21
66,168,ganarMasa,principiante,85,63.23,5,6,4,4,23
50,192,definir,experto,24,112.34,5,7,1,2,1
68,169,bajarPeso,medio,70,15.69,1,11,4,4,18
116,165,definir,principiante,6,78.29,2,7,4,3,10
106,166,bajarPeso,principiante,21,112.83,3,5,5,1,21
62,197,definir,principiante,81,92.35,5,14,3,4,7
103,174,definir,medio,78,55.37,3,12,2,1,14
85,195,bajarPeso,experto,52,88.44,3,6,3,4,22
115,187,ganarMasa,experto,52,39.23,5,8,1,3,25
88,190,definir,medio,100,31.6,5,11,4,4,23
75,190,definir,principiante,81,109.16,1,14,4,1,12
58,173,bajarPeso,experto,69,62.91,3,15,3,3,15
54,171,definir,experto,72,39.92,4,9,1,3,3
67,150,bajarPeso,principiante,28,47.34,5,13,1,2,8
104,170,definir,experto,20,107.56,3,5,5,5,4
52,178,bajarPeso,experto,88,74.1,2,10,5,2,24
69,197,bajarPeso,principiante,52,55.01,4,9,1,4,17
97,185,ganarMasa,experto,77,74.34,1,7,4,5,2
86,157,ganarMasa,medio,73,72.08,3,13,3,5,12
59,190,definir,principiante,15,18.69,4,15,1,3,21
83,177,definir,medio,100,16.16,3,5,2,4,17
67,178,ganarMasa,experto,41,77.01,5,8,3,2,18
50,180,bajarPeso,principiante,56,113.95,5,7,1,4,7
51,155,definir,principiante,44,20.44,5,9,3,5,9
83,194,definir,experto,92,27.25,4,5,5,1,23
54,195,definir,principiante,60,36.81,1,13,3,3,5
53,178,bajarPeso,experto,45,49.06,5,8,1,1,2
94,183,definir,medio,56,53.42,1,13,4,3,5
111,153,bajarPeso,principiante,89,73.46,3,9,4,2,26
56,154,definir,medio,16,75.3,1,7,5,4,11
50,195,definir,medio,64,67.21,4,12,1,4,19
59,167,definir,medio,33,76.7,3,12,1,2,20
72,172,bajarPeso,experto,53,57.58,1,12,2,4,25
60,160,ganarMasa,medio,64,27.04,3,11,2,5,14
84,170,bajarPeso,principiante,62,41.21,3,15,2,2,16
112,163,ganarMasa,experto,64,96.31,2,10,5,4,1
67,196,bajarPeso,medio,38,17.92,5,5,4,3,9
52,153,ganarMasa,medio,29,59.57,2,9,1,5,10
60,150,bajarPeso,medio,30,102.67,3,9,5,2,7
81,198,ganarMasa,experto,80,27.82,2,11,2,2,25
101,194,definir,medio,86,24.84,3,8,1,2,10
52,188,definir,principiante,11,19.48,4,13,5,3,25
89,153,definir,experto,31,32.69,3,11,1,3,15
76,155,ganarMasa,experto,21,113.16,4,7,2,1,15
116,199,ganarMasa,medio,38,21.68,1,7,4,4,5
70,181,ganarMasa,medio,87,99.99,1,5,3,1,12
94,167,ganarMasa,medio,20,29.42,5,7,2,4,14
116,174,ganarMasa,principiante,23,82.75,5,5,2,3,21
107,170,bajarPeso,experto,8,36.63,3,5,2,4,1
103,196,definir,medio,98,57.92,2,12,1,3,1
55,174,definir,principiante,21,26.52,1,12,3,1,24
80,182,ganarMasa,medio,90,27.36,2,13,4,3,11
71,170,ganarMasa,medio,8,19.96,1,9,4,4,6
88,171,definir,medio,16,18.44,1,5,1,5,2
93,181,bajarPeso,principiante,23,102.66,3,7,4,1,3
64,187,ganarMasa,medio,36,107.45,1,5,1,4,3
70,179,bajarPeso,principiante,46,17.9,5,7,3,5,25
87,172,bajarPeso,principiante,5,101.3,3,7,2,3,13
91,197,ganarMasa,medio,11,31.53,1,14,4,4,21
64,157,ganarMasa,medio,26,39.34,1,10,1,2,14
65,191,bajarPeso,principiante,8,42.18,1,14,3,3,26
104,180,definir,medio,58,57.26,5,7,1,1,10
71,194,definir,principiante,34,47.67,3,6,1,5,16
118,176,ganarMasa,medio,50,66.85,1,14,4,5,11
86,154,bajarPeso,principiante,21,87.12,4,10,2,1,24
93,164,ganarMasa,principiante,67,17.16,4,8,2,1,22
100,183,bajarPeso,principiante,25,23.06,4,5,2,3,16
102,180,ganarMasa,experto,67,88.1,4,11,3,4,2
64,161,ganarMasa,medio,77,15.57,2,8,5,4,22
93,198,bajarPeso,medio,27,82.28,1,11,3,4,7
95,198,definir,medio,94,73.74,5,7,4,5,10
120,172,definir,principiante,23,116.88,4,6,1,4,3
106,186,ganarMasa,medio,71,110.2,5,12,1,5,21
79,180,definir,principiante,10,109.36,5,13,2,4,3
87,158,bajarPeso,principiante,78,111.21,2,14,4,4,11
105,181,bajarPeso,experto,36,119.96,3,7,5,1,15
74,157,ganarMasa,medio,12,32.73,3,8,3,5,4
75,153,ganarMasa,principiante,48,105.68,5,12,4,3,14
61,190,bajarPeso,medio,57,106.2,2,13,3,3,11
74,180,bajarPeso,experto,100,59.93,2,5,2,2,3
93,199,bajarPeso,medio,89,116.52,3,10,2,3,26
64,179,ganarMasa,principiante,44,71.22,1,10,1,5,12
70,167,bajarPeso,experto,80,57.53,4,7,1,5,25
60,193,definir,experto,40,78.39,5,13,2,3,5
63,183,bajarPeso,medio,6,82.02,1,8,1,2,2
97,198,definir,principiante,47,24.12,3,6,1,2,12
102,167,definir,medio,62,67.47,2,6,1,2,13
61,185,ganarMasa,medio,94,48.97,5,7,3,3,20
112,155,definir,experto,96,86.24,4,9,4,5,6
57,181,bajarPeso,medio,2,100.55,5,5,3,2,7
113,151,bajarPeso,experto,76,93.9,3,13,3,4,24
120,167,ganarMasa,experto,18,115.05,2,6,2,5,24
50,165,bajarPeso,medio,40,72.16,3,9,2,2,7
91,164,ganarMasa,principiante,95,107.97,3,15,4,4,10
108,189,bajarPeso,medio,98,110.55,4,12,5,1,11
102,162,definir,principiante,29,28.54,4,15,4,1,24
87,192,definir,medio,25,83.09,4,14,4,1,17
71,194,bajarPeso,principiante,91,77.42,1,10,2,5,16
93,195,bajarPeso,experto,28,80.31,1,9,2,5,9
80,164,definir,principiante,43,48.24,5,7,4,3,6
92,174,bajarPeso,principiante,79,38.04,4,9,3,2,16
68,187,bajarPeso,experto,33,37.08,1,15,2,2,1
101,181,ganarMasa,principiante,97,32.4,2,9,3,5,2
112,157,bajarPeso,medio,79,101.96,4,13,4,1,15
104,163,ganarMasa,medio,43,61.45,2,11,1,3,1
109,163,ganarMasa,experto,93,61.94,4,8,1,3,23
59,194,ganarMasa,medio,55,85.22,4,7,2,1,17
89,162,ganarMasa,experto,35,40.95,2,10,3,1,17
78,199,bajarPeso,medio,2,37.07,3,10,4,3,17
71,194,bajarPeso,medio,65,109.45,4,10,5,3,26
62,181,definir,principiante,3,31.85,1,10,3,2,9
76,183,bajarPeso,principiante,42,40.09,2,7,1,2,12
116,168,bajarPeso,medio,35,71.52,3,6,5,2,23
56,150,bajarPeso,medio,55,42.89,3,5,2,4,10
67,198,ganarMasa,principiante,90,22.57,5,12,2,5,3
90,186,bajarPeso,principiante,22,62.65,4,6,3,2,6
74,193,bajarPeso,experto,78,73.86,3,10,4,2,20
111,173,bajarPeso,medio,4,20.52,5,12,2,2,1
118,184,bajarPeso,principiante,46,89.33,1,6,3,5,10
102,179,ganarMasa,medio,95,45.94,1,12,2,4,3
88,194,bajarPeso,medio,47,35.34,3,15,3,4,17
68,172,definir,principiante,23,89.51,1,5,4,5,12
87,195,ganarMasa,experto,62,46.08,4,11,4,3,1
87,182,bajarPeso,medio,73,106.9,3,8,3,5,17
77,193,bajarPeso,medio,28,84.9,4,6,2,5,20
51,159,definir,medio,99,104.3,3,6,5,3,4
68,186,bajarPeso,experto,61,63.07,4,6,4,1,14
83,193,ganarMasa,experto,78,99.15,3,15,5,3,25
64,171,ganarMasa,principiante,23,80.23,1,7,2,2,18
116,186,bajarPeso,experto,7,97.2,3,11,4,1,1
79,200,bajarPeso,medio,47,74.75,4,14,2,1,17
111,177,definir,medio,39,62.3,5,10,4,3,26
64,200,ganarMasa,experto,13,90.01,2,15,4,5,2
50,167,ganarMasa,experto,38,37.3,5,9,3,3,13
80,197,bajarPeso,experto,4,25.61,1,6,3,5,22
56,152,definir,experto,41,56.7,2,11,3,4,18
53,191,definir,experto,13,102.04,1,5,4,2,24
62,198,bajarPeso,medio,37,115.27,3,5,4,4,26
84,173,definir,principiante,25,83.65,4,7,2,2,15
113,189,definir,experto,41,114.97,4,11,3,5,16
81,165,ganarMasa,principiante,8,99.99,5,12,2,4,20
66,153,bajarPeso,medio,97,115.51,1,15,2,4,21
75,172,bajarPeso,medio,68,78.09,3,13,3,3,21
119,194,bajarPeso,principiante,3,95.99,2,8,3,5,9
87,199,ganarMasa,experto,37,50.45,2,12,1,3,9
69,173,ganarMasa,principiante,32,36.73,3,8,5,3,1
90,162,definir,medio,90,115.61,1,15,5,2,1
103,185,definir,principiante,19,79.63,3,6,3,3,21
77,156,ganarMasa,medio,59,99.51,3,5,5,4,1
52,156,bajarPeso,experto,100,92.34,1,10,5,2,22
108,153,definir,principiante,3,36.32,3,12,3,2,12
109,191,ganarMasa,medio,87,39.23,4,15,5,4,24
100,178,bajarPeso,experto,5,17.66,5,9,1,5,7
100,191,definir,experto,43,109.83,2,14,1,1,7
87,176,ganarMasa,experto,69,47.13,4,12,1,3,3
68,158,bajarPeso,principiante,11,104.96,3,15,2,2,12
103,159,definir,medio,100,66.38,4,9,4,3,21
89,170,bajarPeso,medio,84,15.58,5,10,1,5,4
69,159,ganarMasa,principiante,69,39.4,5,9,5,4,7
68,182,definir,principiante,15,102.94,4,10,1,2,19
104,173,ganarMasa,medio,33,119.2,4,8,2,5,16
60,157,definir,medio,90,94.77,5,14,2,3,21
56,166,definir,experto,61,90.27,5,8,5,2,1
117,189,bajarPeso,experto,61,115.79,3,6,5,5,15
53,152,ganarMasa,experto,25,111.25,4,12,4,2,19
89,196,ganarMasa,experto,54,43.79,1,6,2,1,20
61,161,ganarMasa,experto,7,113.93,4,15,3,1,22
89,160,definir,principiante,83,70.08,3,9,1,2,7
54,153,definir,experto,65,41.93,2,6,1,4,4
116,159,bajarPeso,experto,72,99.73,3,13,1,2,4
70,178,ganarMasa,experto,91,113.01,1,10,3,1,2
86,163,ganarMasa,principiante,15,117.11,2,9,1,4,12
74,158,bajarPeso,experto,11,22.46,3,12,2,1,9
71,194,bajarPeso,principiante,1,74.01,2,9,1,1,12
101,156,bajarPeso,principiante,52,98.27,5,6,1,1,4
98,166,definir,medio,79,49.53,2,5,2,3,17
120,177,definir,principiante,55,65.03,4,15,3,4,15
119,199,bajarPeso,principiante,7,42.47,4,15,4,3,17
59,180,bajarPeso,principiante,67,67.59,5,7,2,2,4
62,176,bajarPeso,experto,5,66.76,1,11,3,2,19
68,185,definir,medio,48,92.09,2,5,3,3,3
99,168,ganarMasa,experto,70,64.38,3,5,3,5,7
64,183,ganarMasa,principiante,16,33.56,5,15,3,1,17
80,173,ganarMasa,experto,98,87.62,5,5,2,1,6
96,187,definir,medio,1,113.76,5,8,1,5,21
77,165,definir,experto,25,33.58,3,9,4,2,26
91,188,ganarMasa,medio,64,25.5,1,5,2,3,17
57,159,definir,experto,5,99.18,2,9,1,1,18
118,175,definir,medio,9,78.22,3,11,1,5,7
74,198,bajarPeso,medio,12,93.6,1,12,5,5,19
91,168,bajarPeso,medio,84,32.42,1,9,1,1,24
58,190,definir,experto,18,45.48,3,9,5,3,26
89,151,bajarPeso,principiante,44,66.65,1,10,5,1,20
119,151,definir,medio,33,101.38,3,8,5,2,25
114,179,definir,experto,92,115.78,1,6,2,3,18
68,177,bajarPeso,experto,80,39.3,3,11,1,4,17
108,169,bajarPeso,principiante,69,116.07,5,9,3,3,1
99,186,ganarMasa,medio,31,19.12,3,13,4,4,11
111,180,bajarPeso,experto,56,49.58,3,5,2,5,21
59,158,bajarPeso,principiante,33,107.87,1,5,4,5,14
91,167,bajarPeso,principiante,54,70.89,2,13,3,5,10
106,171,ganarMasa,principiante,66,112.82,1,7,4,1,2
50,181,bajarPeso,experto,5,114.0,1,8,1,5,17
57,183,ganarMasa,experto,69,97.89,4,12,2,1,11
62,177,definir,principiante,72,45.03,2,14,1,4,14
99,195,definir,medio,97,112.67,2,10,3,5,5
64,195,definir,principiante,96,64.31,2,5,4,5,10
106,164,bajarPeso,medio,70,55.84,3,5,3,1,19
82,162,ganarMasa,principiante,90,31.1,2,11,3,1,19
53,172,bajarPeso,medio,8,57.64,4,12,5,1,18
94,189,definir,medio,3,116.32,4,6,2,2,2
82,177,definir,medio,65,91.54,5,13,1,1,24
102,196,definir,medio,81,45.1,1,8,5,4,10
97,174,bajarPeso,experto,31,119.63,3,6,3,3,4
109,198,ganarMasa,principiante,46,112.66,3,11,5,1,22
113,200,ganarMasa,medio,65,49.2,2,10,5,2,6
80,177,bajarPeso,experto,66,112.86,4,10,4,1,18
76,152,ganarMasa,principiante,80,27.53,2,12,2,5,17
99,186,definir,medio,31,103.97,2,13,3,2,4
78,153,bajarPeso,experto,63,83.68,3,8,5,3,4
88,187,bajarPeso,medio,81,98.24,4,13,3,4,6
59,173,definir,experto,86,16.87,1,7,4,4,25
50,152,definir,principiante,12,76.06,5,7,4,3,3
72,174,definir,experto,93,59.04,1,6,5,5,7
104,187,bajarPeso,experto,56,38.71,3,10,3,5,23
112,197,definir,medio,75,110.1,5,10,4,4,8
103,197,ganarMasa,experto,35,105.07,4,14,1,4,21
80,165,ganarMasa,medio,25,16.45,2,7,1,4,4
80,179,bajarPeso,medio,36,48.06,4,5,4,1,21
84,191,definir,principiante,49,70.94,1,6,1,1,21
52,158,definir,principiante,52,86.07,5,8,5,5,5
94,155,bajarPeso,medio,91,28.73,3,11,5,5,25
102,200,ganarMasa,principiante,3,77.71,2,6,1,4,13
107,152,definir,experto,71,100.7,4,15,3,1,24
110,161,definir,medio,97,86.05,1,13,3,3,14
72,161,ganarMasa,medio,70,108.92,5,5,1,1,21
99,160,bajarPeso,principiante,48,55.89,5,6,3,3,3
71,183,ganarMasa,medio,15,119.05,2,15,1,2,24
94,172,bajarPeso,experto,82,52.55,2,13,1,3,17
95,192,definir,medio,38,100.06,1,14,1,4,7
116,176,bajarPeso,medio,25,47.76,4,12,4,5,7
105,153,bajarPeso,principiante,76,52.57,5,12,3,1,18
110,200,ganarMasa,experto,58,75.37,5,13,3,1,26
86,187,ganarMasa,principiante,11,47.42,4,14,1,4,5
80,198,bajarPeso,principiante,42,76.73,5,11,5,1,19
93,163,definir,experto,6,67.58,1,12,3,4,23
91,191,ganarMasa,principiante,38,77.58,5,5,5,2,23
115,158,bajarPeso,medio,19,40.29,2,9,1,3,24
102,199,ganarMasa,medio,16,44.31,4,13,3,2,15
113,177,definir,medio,84,19.37,5,6,3,4,26
81,172,bajarPeso,medio,36,83.33,1,12,1,3,12
86,167,definir,principiante,20,104.11,4,14,1,1,13
117,187,definir,experto,15,95.48,1,7,3,4,19
51,160,bajarPeso,experto,37,113.4,2,13,1,4,9
111,186,bajarPeso,medio,42,89.56,1,13,1,4,4
94,151,ganarMasa,experto,3,116.27,5,15,1,2,10
64,197,bajarPeso,experto,80,53.46,3,6,4,1,11
82,182,ganarMasa,medio,33,90.09,3,11,5,1,3
102,191,definir,medio,75,108.13,5,12,4,4,15
118,173,ganarMasa,experto,3,60.49,5,11,5,3,13
87,196,ganarMasa,medio,23,74.04,4,13,4,1,4
115,187,definir,experto,38,55.71,3,7,5,3,2
56,170,bajarPeso,principiante,24,107.18,2,11,5,5,8
112,199,definir,experto,83,104.88,2,10,4,2,6
68,168,ganarMasa,principiante,38,81.27,1,11,4,3,8
82,172,bajarPeso,experto,67,104.68,5,12,4,2,2
99,191,definir,medio,71,67.38,2,9,2,3,9
53,172,definir,experto,32,43.65,1,15,3,4,18
95,161,bajarPeso,experto,37,20.92,3,9,3,2,21
112,190,ganarMasa,principiante,26,15.61,4,10,1,1,15
62,171,definir,medio,86,93.14,4,14,3,5,10
72,171,ganarMasa,principiante,9,108.5,4,13,5,5,25
89,193,definir,experto,33,84.05,1,6,2,2,22
53,195,definir,principiante,13,69.08,3,7,2,4,6
59,177,definir,medio,85,89.22,1,8,5,4,22
110,188,definir,medio,47,57.52,5,12,3,5,10
88,183,ganarMasa,medio,91,113.58,4,11,2,2,3
73,180,definir,experto,28,43.73,1,8,1,5,10
61,192,ganarMasa,medio,87,78.13,5,11,3,3,18
81,184,ganarMasa,medio,71,106.44,3,10,5,2,23
80,197,ganarMasa,medio,64,97.07,5,5,5,1,23
120,166,ganarMasa,experto,3,61.83,5,6,2,5,19
108,159,ganarMasa,medio,35,18.94,1,8,2,3,7
52,159,definir,principiante,25,15.93,3,6,4,5,7
94,154,bajarPeso,medio,12,64.92,5,14,2,4,18
97,200,definir,experto,6,50.23,3,14,5,2,6
119,179,bajarPeso,medio,95,102.44,3,7,5,4,13
53,187,definir,principiante,85,77.28,4,15,2,2,5
69,190,bajarPeso,medio,18,79.27,1,5,1,5,5
105,183,definir,medio,32,112.99,4,7,3,2,24
69,191,bajarPeso,experto,32,105.0,5,10,1,1,16
116,197,definir,medio,73,70.94,2,13,5,2,26
114,191,ganarMasa,medio,24,46.34,4,15,2,5,18
107,192,bajarPeso,experto,72,21.89,2,9,2,3,8
95,158,ganarMasa,medio,40,100.17,1,8,3,5,16
107,164,ganarMasa,principiante,87,98.12,1,7,3,5,21
105,192,bajarPeso,medio,13,62.5,4,13,4,4,24
85,173,bajarPeso,experto,28,23.62,4,14,1,5,25
69,152,ganarMasa,principiante,10,104.29,2,13,1,3,24
91,182,bajarPeso,medio,38,104.62,1,15,4,5,24
85,166,bajarPeso,medio,48,48.9,4,15,3,4,6
58,193,ganarMasa,experto,23,28.54,3,10,3,2,17
69,190,definir,experto,55,42.23,5,9,2,4,21
106,168,ganarMasa,medio,5,87.51,4,10,4,2,19
60,171,bajarPeso,principiante,83,40.32,5,12,4,4,20
68,169,ganarMasa,experto,71,36.74,1,15,3,2,18
99,166,ganarMasa,medio,54,57.58,3,5,1,1,6
83,194,bajarPeso,principiante,66,97.38,2,6,2,1,1
66,175,ganarMasa,medio,41,83.56,4,7,1,4,1
88,187,definir,medio,57,24.17,2,7,1,3,15
118,161,bajarPeso,experto,99,93.09,4,5,5,5,24
59,197,ganarMasa,principiante,87,29.02,1,6,4,5,5
107,166,bajarPeso,principiante,22,80.23,2,15,5,1,16
94,177,definir,experto,51,17.24,2,8,1,2,2
118,198,ganarMasa,medio,31,57.74,3,10,2,5,8
118,196,definir,experto,86,46.54,3,13,4,4,5
77,190,bajarPeso,experto,59,29.9,5,10,4,1,8
120,161,definir,principiante,50,72.71,5,14,5,3,25
90,192,bajarPeso,experto,39,49.68,5,9,1,5,18
92,165,definir,experto,2,40.36,2,15,4,2,15
114,152,ganarMasa,principiante,14,74.74,4,8,5,1,26
106,193,ganarMasa,medio,64,31.45,1,9,5,1,16
92,170,bajarPeso,principiante,25,32.45,2,14,1,5,8
57,153,definir,experto,98,41.42,3,8,2,1,24
114,155,definir,experto,54,65.07,1,12,1,4,24
120,174,bajarPeso,principiante,14,30.58,4,9,2,1,26
116,152,definir,principiante,19,68.03,4,13,3,2,9
69,184,ganarMasa,medio,83,82.2,3,10,2,3,12
60,171,definir,principiante,22,49.01,2,9,3,2,5
98,197,definir,experto,44,48.34,2,5,5,1,23
94,193,ganarMasa,experto,31,61.66,3,8,4,3,12
94,157,definir,experto,8,119.65,1,6,3,4,1
70,188,ganarMasa,medio,12,106.88,2,10,5,1,14
70,183,bajarPeso,principiante,76,114.9,4,15,1,3,3
118,193,ganarMasa,experto,51,43.47,4,11,2,1,12
108,151,bajarPeso,experto,43,91.41,1,13,2,5,11
65,153,ganarMasa,medio,73,53.38,1,9,3,3,1
89,193,ganarMasa,experto,43,80.04,1,5,4,3,15
107,196,ganarMasa,principiante,70,108.42,3,10,4,3,22
54,161,bajarPeso,principiante,3,116.55,5,5,3,2,19
61,170,bajarPeso,experto,36,52.19,1,5,3,5,6
83,192,ganarMasa,medio,61,39.43,1,10,1,3,23
100,200,ganarMasa,principiante,8,32.41,3,14,1,4,13
50,157,bajarPeso,medio,34,63.68,2,9,3,1,15
107,171,bajarPeso,principiante,40,57.32,2,6,4,1,21
94,173,definir,medio,59,110.52,5,8,2,2,12
91,150,definir,experto,8,98.03,2,5,3,5,22
74,182,definir,principiante,52,77.19,5,7,4,1,4
70,179,ganarMasa,experto,81,73.14,1,13,1,3,2
70,190,ganarMasa,experto,98,65.31,1,12,2,4,14
118,162,definir,principiante,40,77.46,5,7,1,5,15
107,196,ganarMasa,principiante,1,65.51,5,7,1,4,15
99,164,definir,medio,48,34.29,4,14,5,5,23
55,180,bajarPeso,experto,3,82.67,4,5,3,1,18
74,188,definir,principiante,83,106.45,2,15,2,2,14
62,166,definir,medio,64,66.07,2,12,5,1,13
101,184,definir,principiante,5,66.53,1,14,2,2,22
54,197,definir,principiante,17,24.78,5,12,3,5,7
83,166,bajarPeso,experto,27,116.9,2,7,4,5,15
103,158,definir,principiante,73,76.93,5,14,4,1,2
113,167,bajarPeso,experto,61,108.04,1,5,2,3,15
110,200,ganarMasa,principiante,68,68.3,2,14,2,3,13
53,160,ganarMasa,principiante,90,59.15,3,12,1,2,9
54,168,ganarMasa,experto,59,77.46,5,8,5,3,18
63,154,ganarMasa,experto,20,69.83,2,13,5,5,14
74,193,definir,principiante,50,90.03,4,9,3,4,20
70,196,ganarMasa,principiante,63,33.75,5,13,3,5,13
95,188,ganarMasa,principiante,36,35.53,4,14,1,2,22
81,187,definir,medio,62,75.39,4,12,3,4,20
77,188,definir,medio,96,118.71,5,8,2,4,13
75,173,bajarPeso,experto,59,51.68,4,9,3,2,16
58,184,bajarPeso,principiante,70,16.71,1,7,3,3,17
95,192,ganarMasa,experto,18,46.42,3,7,5,5,9
94,181,ganarMasa,principiante,68,73.22,5,12,4,1,24
55,156,bajarPeso,principiante,44,96.5,1,13,5,2,9
92,185,definir,experto,66,103.21,1,8,2,3,18
55,188,ganarMasa,experto,69,56.04,5,7,1,3,4
74,166,bajarPeso,experto,42,34.79,4,6,3,1,2
119,178,definir,medio,21,40.72,2,12,3,4,18
94,184,ganarMasa,experto,54,87.94,1,11,2,2,17
100,162,bajarPeso,medio,21,20.85,5,6,4,4,21
83,173,bajarPeso,medio,91,76.51,4,14,1,4,11
50,157,bajarPeso,experto,58,89.51,2,15,4,3,15
70,176,ganarMasa,experto,36,94.37,1,13,2,1,15
63,155,definir,experto,16,105.43,5,10,4,5,14
69,197,definir,medio,37,83.32,1,15,3,2,20
84,182,ganarMasa,medio,10,112.39,4,15,5,3,3
54,163,ganarMasa,experto,24,17.4,1,14,3,1,4
109,161,bajarPeso,medio,72,107.21,2,8,1,1,14
115,193,definir,experto,4,53.41,5,8,4,4,11
96,198,bajarPeso,principiante,84,15.64,2,7,5,1,18
103,167,definir,medio,14,47.61,3,8,2,5,1
68,183,definir,experto,63,69.51,2,10,2,2,18
62,164,definir,principiante,73,111.53,3,6,5,5,16
103,184,ganarMasa,medio,27,44.35,4,8,5,4,23
62,174,ganarMasa,experto,60,103.05,2,6,5,4,4
50,183,ganarMasa,experto,69,67.78,2,7,3,3,14
79,193,bajarPeso,principiante,70,37.93,2,8,2,4,10
98,155,bajarPeso,experto,46,31.6,5,8,1,5,20
63,150,definir,medio,31,53.99,3,15,3,5,1
88,170,definir,principiante,90,99.74,3,9,2,5,12
95,170,definir,principiante,52,92.96,4,9,2,2,14
50,185,definir,experto,40,51.66,4,12,5,1,4
70,155,ganarMasa,principiante,34,24.84,2,7,2,5,6
120,191,definir,medio,21,26.05,1,14,4,1,12
109,199,definir,experto,27,22.81,4,6,2,3,9
81,185,ganarMasa,medio,76,23.01,3,15,2,4,22
111,199,bajarPeso,principiante,5,33.13,2,9,3,3,14
94,167,ganarMasa,principiante,47,16.19,5,6,2,1,21
94,187,definir,experto,11,31.29,3,6,5,3,14
82,183,bajarPeso,experto,22,101.11,5,13,4,1,22
89,159,definir,principiante,23,82.77,2,7,3,3,23
113,183,ganarMasa,principiante,58,92.79,1,7,5,1,18
105,181,ganarMasa,principiante,22,94.2,5,12,2,4,1
63,181,ganarMasa,principiante,73,56.35,2,13,3,2,25
74,194,ganarMasa,principiante,67,23.7,5,9,5,3,3
110,164,definir,medio,41,71.25,3,8,4,4,11
55,171,bajarPeso,principiante,54,108.4,1,6,1,5,22
63,192,ganarMasa,medio,43,97.85,4,6,2,4,7
97,174,bajarPeso,principiante,41,109.06,4,8,5,3,12
55,165,ganarMasa,medio,12,119.76,2,7,3,4,10
97,175,bajarPeso,experto,56,94.9,1,6,2,3,2
90,196,definir,medio,6,80.96,2,5,4,5,5
59,172,bajarPeso,experto,100,114.69,5,15,4,1,20
113,177,ganarMasa,medio,88,94.86,4,8,4,5,18
99,185,bajarPeso,experto,29,36.51,5,9,2,4,12
65,189,ganarMasa,medio,14,29.67,5,6,4,3,10
52,166,bajarPeso,principiante,10,104.7,1,11,4,5,15
75,152,ganarMasa,experto,38,35.45,5,13,4,5,22
120,169,ganarMasa,principiante,86,18.1,1,6,1,5,10
115,159,ganarMasa,medio,100,15.05,1,11,1,4,8
80,151,ganarMasa,experto,14,116.31,3,11,2,3,8
115,185,definir,principiante,84,61.78,5,10,5,3,9
66,180,definir,experto,2,28.57,5,14,1,4,12
116,189,ganarMasa,experto,78,21.96,1,13,2,3,7
63,179,definir,principiante,85,46.47,2,12,4,4,15
66,163,bajarPeso,experto,33,71.49,3,15,3,2,22
73,152,ganarMasa,medio,46,22.17,4,12,4,2,23
119,153,bajarPeso,medio,97,64.08,5,12,1,2,22
76,181,definir,medio,53,48.13,2,12,1,3,11
100,190,ganarMasa,principiante,21,90.65,4,13,5,4,15
76,168,definir,principiante,87,20.17,5,6,2,2,14
116,193,definir,medio,85,50.65,4,7,3,1,22
101,168,bajarPeso,experto,44,114.46,4,11,4,1,9
63,173,bajarPeso,medio,80,27.34,1,5,4,5,15
67,163,definir,medio,17,62.49,2,5,4,5,17
65,194,bajarPeso,medio,82,43.68,2,11,2,3,25
78,189,ganarMasa,principiante,98,60.84,4,8,2,5,13
99,188,ganarMasa,principiante,1,63.64,5,9,2,3,6
72,192,bajarPeso,principiante,65,17.18,2,7,2,1,21
115,193,bajarPeso,experto,95,55.23,1,10,3,5,2
79,181,bajarPeso,experto,25,89.24,2,6,1,5,16
88,196,ganarMasa,experto,36,51.32,3,15,5,4,4
83,168,bajarPeso,principiante,95,37.99,5,15,3,3,5
63,193,definir,experto,34,103.42,5,14,2,1,23
63,183,definir,experto,30,64.41,5,11,4,1,10
52,174,bajarPeso,medio,34,77.96,3,8,1,2,16
83,151,ganarMasa,principiante,60,118.15,2,11,1,4,25
72,194,ganarMasa,medio,55,116.87,3,6,5,2,5
69,185,ganarMasa,principiante,69,44.83,5,7,5,2,20
84,199,bajarPeso,experto,49,61.25,5,11,4,3,3
94,166,ganarMasa,experto,42,27.63,1,13,5,2,20
117,198,bajarPeso,experto,26,64.92,2,13,5,3,8
65,153,ganarMasa,experto,92,54.98,5,15,5,2,11
109,150,definir,medio,15,56.37,5,14,5,2,24
96,195,ganarMasa,medio,39,23.2,1,5,4,2,18
120,196,definir,medio,2,37.8,2,7,1,5,5
99,150,bajarPeso,principiante,33,19.71,3,10,2,3,23
50,194,bajarPeso,experto,94,26.19,2,10,2,4,24
86,186,ganarMasa,principiante,68,49.03,5,7,1,4,12
100,177,bajarPeso,principiante,49,112.3,4,7,1,2,6
63,170,definir,principiante,65,84.34,2,15,2,2,10
57,162,ganarMasa,experto,50,42.58,4,7,5,4,3
63,152,ganarMasa,experto,86,104.42,4,9,4,1,2
86,157,definir,experto,54,19.51,5,13,2,1,9
109,180,bajarPeso,experto,42,15.26,3,7,4,1,4
91,197,bajarPeso,experto,5,16.49,2,11,5,3,11
63,163,ganarMasa,principiante,17,113.99,1,12,5,3,26
92,155,ganarMasa,principiante,83,35.41,1,12,4,1,14
106,173,definir,experto,53,77.4,2,10,5,2,8
71,176,bajarPeso,experto,70,111.96,3,13,2,1,20
99,151,bajarPeso,medio,33,116.18,1,14,3,3,9
102,176,definir,principiante,32,79.32,3,14,2,4,2
50,191,ganarMasa,principiante,86,77.12,1,7,4,4,8
84,151,ganarMasa,medio,32,50.1,5,11,2,5,26
101,161,definir,principiante,67,23.26,1,8,2,1,25
83,178,definir,experto,63,84.6,2,9,4,5,2
114,159,bajarPeso,experto,26,15.37,4,13,5,4,8
66,155,ganarMasa,experto,25,54.7,3,13,2,4,12
106,151,ganarMasa,principiante,61,116.74,5,14,4,3,21
99,183,definir,experto,99,103.04,3,11,2,4,12
53,198,ganarMasa,experto,22,82.95,2,6,5,2,23
113,196,ganarMasa,medio,50,59.05,1,15,2,4,17
81,165,definir,principiante,42,20.36,1,6,4,2,19
119,165,definir,experto,51,61.44,5,12,1,3,12
117,180,ganarMasa,experto,1,113.06,3,5,3,4,13
79,167,bajarPeso,medio,35,96.14,2,11,5,5,15
76,191,bajarPeso,experto,71,88.68,3,8,2,4,10
120,195,bajarPeso,principiante,18,107.22,4,8,4,3,24
106,151,bajarPeso,experto,7,74.51,3,9,4,5,7
113,154,definir,medio,25,117.94,4,13,4,5,17
79,163,bajarPeso,principiante,61,22.27,5,15,1,5,24
64,195,ganarMasa,medio,82,86.12,1,8,4,5,9
104,187,ganarMasa,principiante,69,17.73,4,15,1,1,9
107,171,ganarMasa,medio,26,112.02,3,14,5,5,11
59,189,definir,principiante,90,79.51,2,5,3,2,1
112,162,bajarPeso,principiante,55,104.87,2,14,4,4,8
55,181,bajarPeso,medio,31,95.64,3,7,3,5,21
116,185,definir,experto,78,30.82,3,14,5,5,6
70,199,ganarMasa,medio,65,111.09,5,12,1,5,15
73,184,bajarPeso,experto,34,48.28,2,9,4,4,22
108,192,bajarPeso,principiante,63,82.35,2,6,2,2,22
63,175,definir,principiante,51,17.17,2,10,1,2,22
53,168,bajarPeso,experto,80,21.56,5,6,4,3,26
81,196,ganarMasa,principiante,55,84.73,2,7,4,2,4
108,182,definir,experto,22,30.15,3,12,2,1,19
98,174,ganarMasa,medio,43,40.29,5,12,4,4,16
59,151,bajarPeso,principiante,56,51.84,4,11,4,2,6
76,178,ganarMasa,principiante,2,41.03,3,14,5,2,2
53,163,definir,experto,43,52.23,3,6,2,4,23
61,157,bajarPeso,experto,99,106.25,3,13,2,1,15
72,198,ganarMasa,medio,31,70.17,1,9,4,5,15
77,162,ganarMasa,experto,89,95.21,4,7,5,5,4
67,155,bajarPeso,medio,44,31.08,2,6,3,5,4
73,171,bajarPeso,medio,98,44.05,3,6,2,2,17
56,158,definir,principiante,90,119.15,3,12,2,3,21
106,196,bajarPeso,medio,42,80.22,4,6,2,4,18
65,154,definir,medio,91,66.98,4,10,3,3,23
98,158,definir,medio,54,80.98,2,15,3,1,17
113,189,bajarPeso,principiante,58,80.73,2,7,5,3,12
106,173,bajarPeso,principiante,28,71.89,4,11,2,3,8
115,194,bajarPeso,medio,92,21.59,3,15,1,3,13
99,190,definir,principiante,100,79.76,1,6,5,3,10
50,191,definir,principiante,34,115.02,4,13,2,4,15
86,181,bajarPeso,experto,90,96.51,4,14,4,5,26
89,152,definir,medio,49,63.45,5,6,1,5,4
56,192,bajarPeso,principiante,55,49.85,4,13,1,2,21
71,179,ganarMasa,experto,68,59.24,4,5,5,5,15
89,179,ganarMasa,principiante,83,31.56,2,13,5,5,10
52,175,ganarMasa,medio,97,89.2,4,15,1,3,25
93,190,definir,principiante,30,42.04,5,12,2,2,24
90,196,bajarPeso,medio,69,93.94,2,11,5,1,12
91,193,definir,principiante,16,79.08,3,12,4,3,12
69,194,definir,medio,47,84.65,5,12,5,4,15
56,175,bajarPeso,principiante,52,84.37,2,6,1,3,11
91,169,ganarMasa,medio,12,25.7,2,6,2,3,8
81,195,ganarMasa,medio,17,45.0,1,12,3,4,24
67,174,definir,experto,87,66.71,5,15,3,5,15
100,169,definir,medio,88,35.5,5,5,5,3,23
89,183,bajarPeso,principiante,99,46.48,4,12,4,1,19
97,153,bajarPeso,experto,78,59.98,5,14,4,1,21
59,153,bajarPeso,medio,22,100.25,4,8,2,4,7
69,195,bajarPeso,experto,64,42.34,2,8,3,4,20
68,199,definir,medio,13,68.98,5,10,2,1,5
107,186,definir,experto,28,83.28,4,8,5,2,15
86,157,bajarPeso,medio,83,19.11,3,13,3,1,24
82,155,ganarMasa,experto,50,24.17,2,13,1,2,20
61,200,definir,principiante,69,31.59,5,7,1,2,1
51,158,definir,medio,32,85.93,3,14,3,4,9
95,151,bajarPeso,experto,22,99.33,1,15,2,3,25
70,198,bajarPeso,experto,62,48.9,2,7,4,2,10
53,197,definir,medio,32,29.81,5,15,1,4,15
111,151,ganarMasa,experto,23,87.38,2,8,3,2,22
70,194,ganarMasa,medio,93,28.39,3,8,5,2,21
103,173,definir,principiante,84,91.59,1,8,4,1,1
105,150,bajarPeso,principiante,63,101.27,4,5,1,4,23
84,170,bajarPeso,principiante,69,84.28,4,12,4,1,22
88,153,definir,principiante,96,89.73,3,8,3,3,16
58,169,bajarPeso,principiante,28,60.08,2,9,4,2,23
68,172,ganarMasa,medio,42,108.37,2,6,3,4,11
85,172,definir,principiante,88,84.28,5,6,2,5,24
103,194,bajarPeso,medio,25,21.38,2,6,3,3,1
83,166,ganarMasa,experto,85,115.02,5,12,2,2,24
107,182,bajarPeso,experto,54,119.34,1,14,4,5,5
87,157,bajarPeso,experto,47,109.66,4,7,5,2,22
114,181,bajarPeso,principiante,53,49.08,5,8,2,1,26
116,186,bajarPeso,principiante,73,76.12,1,14,3,5,14
118,175,bajarPeso,principiante,35,115.04,1,14,4,3,12
103,164,bajarPeso,principiante,32,79.41,3,13,2,4,12
103,190,ganarMasa,experto,17,67.6,5,8,4,1,9
117,153,bajarPeso,principiante,17,76.5,2,7,3,2,7
117,188,ganarMasa,medio,67,77.29,3,15,1,3,7
106,195,ganarMasa,principiante,45,29.59,2,12,1,3,25
85,185,definir,medio,66,15.03,4,9,3,3,14
78,194,bajarPeso,experto,13,80.15,3,15,3,5,9
98,196,definir,principiante,85,114.2,5,15,4,1,15
65,196,definir,principiante,27,106.34,1,6,2,5,19
63,187,bajarPeso,medio,16,38.68,5,13,2,5,2
108,186,definir,principiante,96,20.77,5,7,3,1,1
87,163,bajarPeso,medio,42,29.06,4,13,4,5,23
63,164,bajarPeso,principiante,97,104.21,2,11,2,5,26
64,154,bajarPeso,medio,19,97.69,3,14,4,3,5
56,166,bajarPeso,experto,96,23.96,2,12,5,2,10
72,173,ganarMasa,principiante,66,21.21,4,11,2,1,22
110,159,ganarMasa,experto,93,117.48,3,9,5,3,21
63,192,ganarMasa,principiante,4,29.27,1,9,5,5,20
58,196,bajarPeso,medio,80,64.64,3,7,4,2,1
59,152,definir,medio,86,70.27,2,12,4,4,16
93,168,definir,principiante,3,118.42,3,12,4,1,22
73,188,bajarPeso,medio,60,43.58,2,13,1,5,9
108,166,ganarMasa,medio,52,46.48,4,7,1,1,12
63,160,definir,experto,93,69.56,2,12,5,2,5
65,193,definir,experto,35,74.48,3,5,5,3,5
91,190,ganarMasa,principiante,15,94.2,5,5,1,5,6
62,200,bajarPeso,medio,13,97.39,3,9,4,4,15
83,164,definir,medio,82,28.3,3,10,5,4,3
70,182,definir,experto,47,67.13,5,14,2,1,15
66,193,definir,principiante,27,57.09,4,14,1,3,10
87,186,definir,experto,45,35.65,1,8,2,1,23
70,178,bajarPeso,medio,35,67.15,5,8,5,4,3
87,184,ganarMasa,experto,62,26.81,4,14,1,4,14
94,165,bajarPeso,experto,92,89.77,4,9,4,2,9
80,180,ganarMasa,principiante,42,31.01,3,13,1,3,13
109,163,definir,medio,67,79.63,2,9,2,3,18
98,171,definir,principiante,33,53.18,1,15,4,4,15
59,162,bajarPeso,experto,26,21.67,3,13,3,4,17
114,178,bajarPeso,medio,57,96.82,2,12,2,4,8
116,159,definir,medio,50,40.49,5,10,2,3,2
102,191,ganarMasa,experto,82,119.3,4,7,5,1,12
73,200,ganarMasa,experto,6,86.37,1,6,4,3,10
83,192,ganarMasa,experto,39,19.58,2,5,1,5,19
88,179,bajarPeso,medio,21,45.25,3,15,5,3,19
83,172,definir,experto,64,26.74,1,6,3,2,6
65,151,bajarPeso,principiante,42,38.13,3,10,4,3,14
56,160,definir,experto,44,96.72,4,13,1,3,6
102,195,ganarMasa,principiante,6,112.7,1,14,5,4,16
102,192,definir,principiante,37,54.57,5,5,4,2,16
92,188,bajarPeso,principiante,88,114.97,3,13,4,1,2
88,154,definir,principiante,73,105.82,2,10,1,1,18
65,191,bajarPeso,medio,28,83.59,2,8,5,3,15
57,185,ganarMasa,medio,83,21.15,2,9,1,1,4
114,186,definir,medio,33,26.92,5,14,2,2,11
82,189,bajarPeso,principiante,40,73.51,5,11,2,4,21
69,161,bajarPeso,medio,28,117.19,2,6,4,1,3
60,171,bajarPeso,principiante,98,43.03,1,7,2,5,26
111,163,ganarMasa,medio,76,22.78,2,7,2,1,7
58,153,ganarMasa,experto,56,37.97,1,5,5,5,25
101,152,ganarMasa,medio,96,91.83,2,12,4,1,18
88,152,ganarMasa,experto,87,81.44,5,13,3,1,9
82,167,ganarMasa,medio,73,117.21,2,14,4,5,16
60,183,bajarPeso,principiante,75,38.18,1,7,4,2,4
60,165,bajarPeso,principiante,45,42.82,1,13,5,4,3
116,183,definir,experto,88,96.92,5,15,3,3,18
104,170,ganarMasa,experto,20,114.56,5,15,2,1,3
84,151,bajarPeso,medio,78,66.02,3,12,3,2,26
100,158,ganarMasa,medio,36,39.98,2,13,4,1,5
117,198,ganarMasa,experto,50,88.81,3,11,5,1,26
119,177,bajarPeso,experto,96,89.94,5,12,1,2,10
57,172,definir,medio,56,64.09,1,7,5,5,25
107,190,bajarPeso,medio,62,73.21,4,13,4,1,10
118,199,ganarMasa,principiante,41,32.32,2,13,1,5,26
90,161,bajarPeso,experto,34,30.93,3,7,4,2,24
120,159,bajarPeso,experto,39,61.9,3,6,3,2,6
94,198,bajarPeso,experto,12,112.43,5,15,1,5,12
115,166,definir,medio,31,109.05,4,13,5,1,1
83,156,ganarMasa,medio,93,101.14,2,15,4,4,21
101,197,definir,medio,66,69.42,3,13,3,5,17
52,171,bajarPeso,medio,95,112.76,4,14,1,2,21
110,192,bajarPeso,experto,19,35.94,3,12,1,2,16
58,158,ganarMasa,principiante,42,54.26,1,10,4,2,13
85,160,bajarPeso,medio,28,21.74,1,14,2,1,17
94,168,definir,experto,99,57.71,4,11,1,2,25
112,188,bajarPeso,medio,80,49.3,1,15,4,5,26
56,176,bajarPeso,experto,35,67.83,1,14,1,1,21
97,183,bajarPeso,experto,18,111.71,4,14,5,1,20
56,199,ganarMasa,principiante,25,103.54,3,11,4,4,6
69,157,ganarMasa,experto,51,18.5,5,5,2,1,11
66,192,definir,principiante,14,47.65,4,9,2,2,26
54,151,ganarMasa,experto,78,41.18,3,13,5,5,8
86,183,definir,experto,63,39.06,2,15,1,5,7
107,191,ganarMasa,principiante,81,100.34,4,14,4,4,4
91,190,bajarPeso,principiante,57,46.35,2,6,2,2,5
64,166,ganarMasa,medio,66,96.24,2,10,2,3,16
117,170,definir,medio,6,34.57,2,11,2,2,17
71,164,bajarPeso,principiante,92,48.43,1,15,1,1,21
94,190,bajarPeso,medio,52,35.45,3,7,2,1,11
97,191,ganarMasa,medio,26,92.72,3,15,2,1,3
52,165,bajarPeso,experto,9,88.57,3,9,4,1,7
78,167,definir,principiante,97,61.27,4,10,2,4,23
68,187,bajarPeso,medio,68,62.0,1,13,4,5,2
94,157,definir,experto,53,29.04,5,7,3,5,20
120,161,bajarPeso,experto,59,33.24,2,13,4,4,5
74,156,ganarMasa,experto,28,98.79,5,10,2,2,19
79,153,bajarPeso,principiante,18,89.87,5,8,2,5,24
115,160,ganarMasa,medio,17,50.4,1,6,3,2,15
86,200,ganarMasa,experto,6,117.98,2,15,3,4,21
94,191,bajarPeso,medio,66,99.97,2,5,5,5,8
94,172,definir,principiante,12,34.39,4,15,2,3,21
67,153,definir,experto,41,73.55,2,14,5,3,2
80,182,bajarPeso,principiante,56,62.45,5,14,5,3,2
95,186,bajarPeso,experto,29,72.52,4,6,1,5,4
102,196,bajarPeso,experto,51,46.63,2,12,1,2,9
76,186,ganarMasa,experto,45,51.65,4,14,4,1,18
116,166,ganarMasa,experto,50,68.25,1,15,4,4,16
64,168,bajarPeso,principiante,16,95.75,4,12,3,2,21
53,151,definir,principiante,70,46.67,5,14,3,3,17
99,192,definir,medio,80,46.63,2,8,3,4,6
66,156,definir,experto,68,61.8,5,7,2,3,11
95,184,ganarMasa,medio,24,118.9,5,8,5,2,7
59,183,bajarPeso,medio,54,93.49,5,13,5,5,2
56,189,bajarPeso,experto,34,108.66,1,9,2,5,26
84,161,bajarPeso,experto,50,67.24,1,7,4,3,10
54,192,definir,principiante,59,51.32,3,5,1,5,24
87,162,definir,experto,17,77.76,3,10,3,3,14
85,184,bajarPeso,principiante,6,112.33,1,13,3,5,9
53,160,bajarPeso,principiante,19,118.22,2,11,4,5,15
84,161,bajarPeso,principiante,39,32.81,3,14,1,4,14
60,155,bajarPeso,principiante,27,80.26,4,15,5,4,17
87,200,bajarPeso,principiante,82,19.39,2,15,3,3,1
61,158,bajarPeso,principiante,6,16.62,3,6,5,5,14
120,189,ganarMasa,medio,51,17.03,4,11,1,2,10
87,189,bajarPeso,principiante,44,39.69,3,14,1,4,4
80,176,bajarPeso,experto,10,75.72,5,13,2,1,14
52,154,definir,principiante,14,82.84,2,14,5,2,22
62,177,ganarMasa,experto,71,19.32,1,14,3,2,10
120,191,ganarMasa,principiante,82,46.35,1,12,4,4,22
114,156,definir,medio,78,86.3,4,8,3,5,2
92,178,definir,medio,74,16.99,5,14,1,4,9
78,155,ganarMasa,experto,87,81.24,1,14,4,2,16
78,159,definir,medio,81,88.23,1,11,3,3,13
79,194,ganarMasa,principiante,32,93.79,2,7,2,1,21
106,200,ganarMasa,experto,10,83.8,3,6,1,4,16
116,180,bajarPeso,medio,31,117.21,2,6,4,2,13
99,155,definir,medio,95,66.52,4,5,4,1,17
62,165,ganarMasa,experto,4,25.53,5,8,1,4,25
85,154,definir,medio,80,26.46,1,15,1,3,9
101,154,bajarPeso,principiante,82,37.86,4,10,1,5,14
101,199,bajarPeso,experto,10,39.33,3,12,4,2,26
61,166,bajarPeso,principiante,28,58.78,5,8,2,5,25
58,184,bajarPeso,experto,41,61.78,2,6,3,5,3
66,185,bajarPeso,experto,7,89.52,3,8,4,2,7
83,196,bajarPeso,principiante,21,100.94,1,15,1,2,12
68,171,definir,experto,81,109.82,3,6,3,4,25
80,164,ganarMasa,principiante,74,84.83,1,15,4,3,15
118,170,definir,principiante,57,65.58,1,15,1,3,5
102,196,ganarMasa,experto,100,70.6,5,15,5,5,24
74,164,definir,principiante,51,60.91,4,7,1,4,9
74,186,definir,experto,90,42.89,1,6,4,2,3
70,171,definir,principiante,60,67.07,1,7,5,3,14
119,165,definir,experto,70,33.24,3,8,3,5,6
99,188,ganarMasa,experto,3,114.42,5,14,5,2,12
59,177,definir,principiante,6,62.49,4,5,5,4,1
66,174,definir,medio,78,25.18,3,9,1,2,7
51,171,bajarPeso,experto,55,60.78,3,12,5,4,22
67,187,bajarPeso,experto,63,31.66,5,11,2,1,20
69,186,ganarMasa,experto,39,74.73,1,15,2,1,11
105,194,bajarPeso,experto,99,50.59,5,13,5,2,8
116,177,bajarPeso,medio,45,23.29,2,12,5,5,15
85,159,definir,principiante,42,92.15,1,11,1,5,14
97,153,bajarPeso,experto,12,77.56,5,7,2,3,23
86,174,bajarPeso,experto,66,28.83,5,6,3,1,25
77,165,ganarMasa,principiante,52,89.37,5,14,4,2,14
58,176,ganarMasa,medio,80,93.6,3,15,1,2,19
65,172,bajarPeso,principiante,50,107.74,3,10,5,4,26
69,152,bajarPeso,medio,76,119.91,1,8,2,2,9
87,188,ganarMasa,principiante,85,22.86,2,12,2,2,10
91,183,ganarMasa,experto,76,46.69,2,11,2,2,4
85,166,definir,medio,71,24.59,4,12,4,1,1
97,176,bajarPeso,principiante,100,115.53,3,11,1,4,18
110,160,ganarMasa,principiante,27,87.53,4,5,3,1,13
52,194,bajarPeso,medio,14,106.14,2,15,4,5,5
76,192,ganarMasa,experto,4,67.52,4,12,1,4,3
118,161,ganarMasa,medio,37,88.44,5,15,2,1,21
57,164,definir,experto,43,81.49,2,6,3,3,5
116,163,bajarPeso,medio,39,30.01,2,7,2,1,19
95,160,bajarPeso,medio,16,19.18,3,7,2,1,1
60,167,ganarMasa,principiante,65,63.15,4,8,3,4,10
58,196,definir,principiante,4,63.81,4,13,4,2,13
82,161,definir,principiante,41,117.68,2,13,1,4,16
77,169,ganarMasa,medio,65,26.03,4,13,4,5,2
88,198,ganarMasa,medio,37,41.88,5,5,5,2,14
83,177,definir,medio,94,92.54,1,9,5,5,1
85,164,bajarPeso,principiante,78,16.88,5,6,4,2,21
98,198,ganarMasa,experto,33,108.07,2,9,4,2,17
120,198,bajarPeso,medio,39,17.55,2,14,3,3,25
52,186,definir,experto,19,65.77,4,10,5,3,2
56,166,definir,experto,76,70.83,3,9,3,3,6
66,160,ganarMasa,medio,30,65.22,3,9,2,4,26
105,178,definir,experto,31,87.42,3,7,3,5,23
85,160,definir,medio,14,27.22,5,9,4,2,22
86,154,definir,experto,44,20.96,5,13,4,5,24
117,164,ganarMasa,medio,4,28.5,4,11,4,4,14
54,158,ganarMasa,experto,51,19.98,2,8,2,1,24
73,195,definir,principiante,73,19.4,2,9,4,5,15
96,199,bajarPeso,principiante,78,85.68,2,6,4,5,5
87,189,definir,principiante,27,26.49,3,5,4,1,26
69,160,bajarPeso,medio,28,42.2,3,6,5,5,3
72,177,bajarPeso,principiante,60,74.14,3,7,4,1,25
100,180,ganarMasa,principiante,66,106.69,5,5,4,1,23
99,188,bajarPeso,principiante,96,89.61,1,11,4,4,12
58,177,bajarPeso,medio,15,53.64,1,5,5,3,16
73,187,definir,medio,97,49.73,1,13,1,4,6
81,181,definir,experto,30,25.62,2,9,5,3,7
105,178,bajarPeso,principiante,20,57.36,4,10,1,3,11
119,183,bajarPeso,principiante,73,38.74,2,8,5,2,20
59,159,ganarMasa,medio,74,35.14,4,14,2,4,20
100,193,bajarPeso,medio,90,29.12,4,9,3,2,19
96,152,definir,medio,57,40.76,5,15,2,2,1
82,150,definir,experto,92,26.66,4,11,5,4,16
84,157,definir,principiante,82,93.07,4,5,4,2,23
90,150,bajarPeso,principiante,61,37.12,5,14,3,4,18
87,153,bajarPeso,principiante,66,75.4,5,10,3,1,6
86,172,bajarPeso,medio,89,19.45,2,14,3,1,18
79,183,definir,medio,72,100.65,3,8,1,4,13
56,190,ganarMasa,principiante,53,15.33,5,6,5,2,14
87,189,definir,medio,57,79.7,3,13,1,2,14
89,176,bajarPeso,medio,91,32.19,1,14,3,3,10
98,192,bajarPeso,principiante,60,62.83,2,14,1,1,25
82,199,ganarMasa,medio,84,72.37,4,14,3,2,6
73,171,ganarMasa,medio,3,28.99,2,6,3,3,7
74,193,ganarMasa,medio,81,33.62,3,11,2,1,21
63,159,definir,principiante,72,31.59,5,5,1,2,15
93,190,bajarPeso,principiante,34,106.94,1,14,5,1,7
111,197,ganarMasa,medio,37,87.31,5,10,2,4,20
87,156,ganarMasa,principiante,85,39.5,5,15,1,1,15
94,151,bajarPeso,medio,20,51.78,3,10,3,3,5
111,170,definir,principiante,48,81.15,4,10,2,3,10
78,176,ganarMasa,principiante,78,118.15,2,15,1,4,1
80,176,ganarMasa,medio,65,119.71,1,14,1,1,6
59,192,bajarPeso,medio,83,99.83,4,11,4,1,16
87,181,ganarMasa,experto,13,65.82,3,8,1,3,24
80,185,ganarMasa,principiante,14,52.01,1,8,5,1,12
93,181,definir,medio,9,111.24,2,5,4,3,7
115,175,ganarMasa,medio,78,72.49,4,12,1,3,1
80,184,definir,experto,7,104.73,1,11,4,1,19
53,167,ganarMasa,principiante,99,23.63,4,5,1,1,21
103,174,definir,principiante,94,49.05,4,10,4,4,15
50,169,ganarMasa,medio,81,102.61,5,8,1,3,3
84,166,ganarMasa,principiante,60,55.07,1,9,2,3,26
107,173,ganarMasa,principiante,41,102.66,2,15,1,4,6
60,196,definir,medio,26,106.75,3,10,5,4,18
74,168,bajarPeso,experto,5,88.12,4,13,3,4,9
109,152,ganarMasa,principiante,14,58.04,3,11,4,1,18
88,161,definir,principiante,30,95.57,2,12,5,2,11
58,181,bajarPeso,experto,99,103.42,5,7,4,4,26
84,170,ganarMasa,medio,71,57.22,3,9,5,1,8
69,173,bajarPeso,principiante,99,73.89,1,11,2,5,3
84,165,definir,medio,19,101.51,3,13,2,4,16
99,165,definir,experto,33,59.86,5,6,4,4,15
86,196,bajarPeso,principiante,50,27.42,4,9,2,1,23
57,195,bajarPeso,experto,93,27.66,4,10,1,3,1
58,153,definir,principiante,63,66.77,2,7,2,3,19
102,158,definir,experto,34,100.57,5,11,1,4,18
82,170,definir,principiante,81,116.15,4,11,5,5,19
111,157,bajarPeso,medio,10,46.44,4,14,1,2,20
110,190,ganarMasa,medio,89,116.08,3,11,5,5,22
68,187,bajarPeso,experto,31,18.9,2,14,2,4,11
81,183,bajarPeso,medio,71,117.06,5,10,3,1,20
84,169,bajarPeso,medio,60,83.18,4,7,3,4,8
60,198,bajarPeso,principiante,62,80.51,5,8,4,5,25
83,152,ganarMasa,medio,56,16.87,1,8,1,3,18
116,161,definir,medio,54,70.14,3,11,2,1,24
50,174,ganarMasa,principiante,91,113.32,1,15,2,1,16
50,166,definir,experto,52,74.38,3,15,2,4,8
84,157,definir,principiante,34,54.32,3,11,1,3,5
77,185,definir,principiante,76,24.42,5,8,3,3,21
60,167,ganarMasa,experto,27,100.65,2,12,3,2,2
58,193,bajarPeso,principiante,97,74.72,1,14,2,4,6
66,192,ganarMasa,medio,94,106.86,5,6,3,3,18
58,169,bajarPeso,medio,89,111.95,4,9,4,4,9
76,180,bajarPeso,medio,86,43.88,4,11,4,1,8
95,172,definir,experto,64,42.68,4,15,1,3,20
52,162,ganarMasa,experto,31,90.25,1,10,5,3,6
112,159,ganarMasa,medio,38,43.24,5,13,3,3,14
62,189,definir,medio,20,118.51,1,5,4,3,16
110,163,definir,medio,53,59.99,5,11,4,2,4
91,181,bajarPeso,principiante,34,37.57,3,5,1,2,17
83,184,bajarPeso,medio,11,61.74,5,12,3,4,4
111,173,bajarPeso,experto,46,45.01,3,6,5,4,22
116,197,ganarMasa,principiante,18,90.74,1,14,5,4,22
65,154,bajarPeso,principiante,4,15.68,3,15,2,4,15
80,175,bajarPeso,medio,50,15.18,3,13,2,2,10
66,175,definir,experto,24,107.94,2,8,1,3,6
93,185,ganarMasa,experto,13,111.37,3,13,2,2,5
97,197,definir,experto,84,45.78,3,9,2,5,6
90,192,definir,principiante,94,21.02,5,14,5,4,1
65,159,ganarMasa,experto,61,60.71,4,9,5,5,22
55,154,ganarMasa,principiante,38,38.79,5,6,5,5,21
95,186,definir,principiante,97,36.23,3,14,3,1,12
116,190,bajarPeso,medio,67,76.46,5,7,4,5,19
84,154,bajarPeso,experto,53,83.6,1,5,1,5,21
116,194,ganarMasa,medio,38,38.95,4,12,5,5,24
55,157,ganarMasa,experto,43,88.75,2,13,3,2,3
82,175,ganarMasa,medio,56,114.42,2,10,5,4,1
92,166,definir,experto,11,60.84,4,13,3,5,1
113,200,bajarPeso,principiante,47,87.88,1,11,3,5,19
117,179,bajarPeso,experto,34,94.69,1,9,5,2,16
103,165,definir,principiante,49,26.65,5,13,3,3,8
73,196,ganarMasa,experto,10,87.53,3,8,2,1,8
110,152,ganarMasa,principiante,44,41.3,3,9,2,3,10
63,189,definir,principiante,78,15.89,1,15,3,2,3
54,163,definir,principiante,99,36.26,3,5,3,1,11
60,200,bajarPeso,principiante,68,45.83,2,12,4,5,18
118,198,bajarPeso,medio,80,83.36,1,7,3,5,9
84,177,definir,experto,46,60.86,4,6,4,5,7
82,152,ganarMasa,experto,54,18.29,1,6,5,4,11
113,168,definir,principiante,70,35.81,5,15,1,2,23
108,182,ganarMasa,principiante,51,112.16,4,9,2,1,9
103,160,definir,principiante,100,90.86,4,10,4,5,23
51,190,definir,principiante,11,58.15,2,13,1,3,8
54,181,bajarPeso,experto,55,70.43,2,10,3,4,19
118,190,ganarMasa,medio,83,17.97,3,11,5,5,24
79,169,ganarMasa,principiante,82,118.48,2,14,5,4,20
112,175,definir,medio,97,62.23,2,14,4,2,15
81,176,bajarPeso,experto,88,52.68,4,14,1,4,26
57,192,definir,experto,45,31.2,5,5,4,3,6
59,171,definir,principiante,7,35.64,4,15,1,5,6
61,174,bajarPeso,experto,47,88.12,1,13,1,1,4
86,174,bajarPeso,medio,26,20.31,1,6,2,5,4
52,151,ganarMasa,medio,64,116.18,3,6,5,5,17
99,199,definir,experto,53,31.81,1,11,4,1,10
54,197,ganarMasa,medio,77,104.74,3,5,3,3,17
85,150,ganarMasa,medio,2,23.9,3,5,3,3,11
102,185,ganarMasa,principiante,76,82.67,2,5,5,4,10
108,178,definir,medio,43,15.05,3,12,5,5,5
57,160,bajarPeso,experto,1,54.02,2,7,2,1,2
61,188,bajarPeso,medio,88,20.47,4,6,1,4,4
74,161,definir,experto,82,43.2,1,10,4,4,2
105,159,definir,experto,80,111.34,3,13,2,1,15
70,152,ganarMasa,experto,27,50.68,1,9,1,1,21
74,187,ganarMasa,experto,73,92.32,4,13,5,2,12
118,173,bajarPeso,experto,87,98.57,1,6,2,3,6
79,163,bajarPeso,principiante,71,44.14,4,10,2,5,5
115,191,ganarMasa,medio,93,53.14,3,9,2,4,1
65,191,bajarPeso,principiante,1,39.35,3,7,1,2,7
65,179,bajarPeso,medio,36,83.67,2,15,5,2,26
59,176,definir,experto,61,35.86,2,5,2,1,15
53,155,definir,medio,19,100.99,4,6,4,2,3
65,160,bajarPeso,medio,70,37.37,3,9,5,3,21
62,185,bajarPeso,principiante,90,20.93,2,10,3,3,14
58,184,definir,principiante,43,39.36,3,14,2,1,14
99,169,definir,experto,5,59.58,4,14,4,1,5
60,159,ganarMasa,medio,29,73.93,3,5,2,2,5
52,174,bajarPeso,medio,28,80.46,3,7,4,4,7
101,174,definir,medio,100,88.62,1,6,4,1,23
119,154,ganarMasa,experto,72,29.33,1,12,1,1,14
76,171,definir,experto,58,28.1,3,5,2,4,14
104,178,ganarMasa,medio,17,52.67,3,11,5,5,24
108,158,ganarMasa,principiante,67,97.99,3,11,1,3,23
87,196,ganarMasa,experto,74,16.62,4,14,3,1,11
110,184,definir,principiante,76,101.51,3,15,4,2,19
86,166,ganarMasa,experto,81,86.37,2,11,5,3,7
87,177,bajarPeso,principiante,68,109.84,1,7,2,2,23
89,151,definir,medio,27,36.69,4,12,3,2,17
53,175,definir,medio,81,87.24,2,12,5,3,21
54,170,definir,medio,79,72.3,3,13,5,3,6
107,179,definir,medio,58,26.02,4,10,2,1,10
93,186,bajarPeso,medio,97,78.0,2,11,3,4,12
101,193,ganarMasa,principiante,93,68.85,5,12,4,5,12
57,182,definir,medio,54,30.44,1,14,4,1,9
75,183,bajarPeso,principiante,23,108.14,5,11,4,1,10
74,171,bajarPeso,experto,15,111.91,3,7,1,5,1
103,180,bajarPeso,experto,28,56.43,3,7,5,4,20
65,151,definir,experto,96,112.41,4,10,1,1,14
59,165,bajarPeso,experto,30,93.27,4,11,2,2,14
82,193,bajarPeso,medio,40,67.16,3,8,3,2,15
56,190,definir,principiante,49,50.05,2,7,3,4,16
70,174,bajarPeso,principiante,45,103.27,5,11,1,5,11
77,152,ganarMasa,principiante,65,27.41,1,8,5,1,16
110,167,ganarMasa,principiante,58,26.0,2,15,2,2,2
108,158,definir,principiante,72,25.68,2,5,3,2,20
84,187,bajarPeso,experto,33,80.58,4,13,3,5,1
88,187,ganarMasa,principiante,11,50.55,1,12,4,5,23
95,192,bajarPeso,medio,100,39.61,1,11,3,5,19
53,179,bajarPeso,experto,64,37.19,1,10,4,2,5
75,169,ganarMasa,medio,19,54.77,2,6,4,4,13
108,173,ganarMasa,experto,92,21.52,1,7,2,2,1
70,164,ganarMasa,experto,42,78.84,5,7,4,5,23
118,158,ganarMasa,experto,67,73.01,3,14,4,2,8
100,198,definir,experto,35,31.26,2,9,4,5,20
75,178,definir,medio,24,33.7,3,7,1,3,13
100,185,bajarPeso,principiante,73,102.68,1,5,3,3,3
98,167,bajarPeso,experto,22,78.94,5,11,2,1,25
56,175,bajarPeso,experto,91,91.23,5,6,3,2,21
90,181,ganarMasa,medio,84,107.61,4,7,2,1,25
75,162,bajarPeso,experto,33,48.63,2,12,4,1,1
87,188,definir,principiante,14,94.89,5,12,5,4,14
117,183,bajarPeso,principiante,75,69.48,5,5,3,5,21
74,189,definir,experto,70,113.26,5,5,3,3,17
77,190,bajarPeso,experto,58,76.08,3,12,5,3,12
109,187,definir,experto,19,17.3,4,15,5,4,23
113,170,ganarMasa,principiante,67,98.67,3,15,2,1,12
57,195,bajarPeso,experto,87,112.09,2,11,1,2,23
94,177,definir,medio,42,19.86,4,13,4,1,18
96,192,definir,principiante,93,73.39,3,8,2,4,1
88,166,bajarPeso,principiante,43,84.06,1,13,2,2,18
76,198,bajarPeso,experto,64,97.72,3,5,5,3,18
82,194,ganarMasa,medio,54,98.29,2,6,4,4,17
109,170,bajarPeso,principiante,3,59.27,5,8,4,2,14
87,173,ganarMasa,experto,72,36.26,2,5,1,5,10
91,185,ganarMasa,principiante,25,68.19,1,10,3,4,18
78,186,definir,medio,66,48.0,2,9,2,3,25
91,159,ganarMasa,experto,72,96.27,4,10,5,5,21
99,159,bajarPeso,principiante,86,16.2,5,5,1,4,12
55,198,bajarPeso,medio,2,54.85,5,5,1,2,17
79,199,bajarPeso,experto,68,62.39,1,6,3,4,15
93,163,definir,medio,19,118.83,4,8,3,2,24
120,181,definir,principiante,26,58.2,1,14,5,3,18
60,182,ganarMasa,principiante,33,53.16,5,9,4,4,13
51,165,bajarPeso,experto,33,102.43,5,9,2,3,15
91,180,definir,medio,89,22.22,5,14,4,3,23
113,181,bajarPeso,experto,54,61.88,3,7,2,1,13
103,185,bajarPeso,experto,30,47.49,2,10,1,5,9
87,177,definir,experto,15,59.85,1,7,4,2,20
104,174,bajarPeso,medio,63,75.12,1,9,4,2,22
91,160,definir,experto,36,48.22,5,10,5,4,2
101,198,bajarPeso,principiante,31,55.5,5,7,3,2,16
69,189,bajarPeso,experto,79,86.55,4,5,3,3,22
73,167,definir,principiante,57,76.76,1,12,2,4,15
62,159,bajarPeso,experto,81,119.33,2,13,1,1,8
105,165,definir,principiante,70,43.88,5,5,4,5,8
88,180,definir,experto,97,106.63,1,12,3,2,23
62,173,ganarMasa,experto,88,81.8,3,7,2,3,19
104,168,ganarMasa,principiante,4,33.26,2,7,5,2,21
80,173,bajarPeso,medio,13,54.13,5,8,2,2,16
51,172,definir,experto,60,25.58,3,13,1,4,17
86,175,definir,experto,5,34.78,3,5,1,2,6
92,172,definir,experto,69,68.09,3,8,3,3,10
81,157,bajarPeso,medio,1,42.44,1,15,3,4,17
94,172,definir,medio,57,87.05,4,12,5,1,8
77,180,bajarPeso,experto,25,112.12,5,11,4,5,1
89,167,bajarPeso,principiante,9,53.06,3,13,4,3,20
64,181,bajarPeso,principiante,65,49.95,1,5,2,5,15
119,185,ganarMasa,experto,36,48.03,1,8,5,3,25
99,166,ganarMasa,experto,21,60.3,1,14,1,5,14
105,197,definir,medio,73,92.39,1,13,2,1,17
87,193,definir,experto,80,67.98,2,5,2,1,22
110,173,ganarMasa,experto,65,98.98,5,10,1,5,5
62,199,bajarPeso,medio,66,94.33,2,12,3,3,17
71,181,ganarMasa,principiante,90,33.82,5,9,3,3,4
80,181,ganarMasa,experto,41,26.31,5,13,2,1,1
107,162,ganarMasa,principiante,40,68.15,4,6,5,4,11
117,176,ganarMasa,medio,41,79.45,5,8,3,3,12
59,186,ganarMasa,experto,96,92.89,3,9,2,5,15
91,181,bajarPeso,medio,48,94.07,3,10,5,4,12
104,153,ganarMasa,principiante,29,97.72,3,6,2,2,8
118,153,definir,experto,13,68.36,3,8,2,5,19
120,178,ganarMasa,medio,36,32.12,1,13,2,5,17
97,166,ganarMasa,experto,92,101.3,2,15,4,5,10
119,191,ganarMasa,medio,2,41.57,2,12,4,4,20
87,173,definir,medio,66,92.89,3,9,1,2,22
54,155,bajarPeso,experto,94,91.74,2,6,4,3,8
77,186,ganarMasa,experto,32,59.29,4,8,1,5,14
98,182,ganarMasa,medio,13,42.32,2,8,4,2,1
98,160,definir,medio,16,16.09,4,9,4,3,3
67,169,ganarMasa,medio,99,114.42,2,13,4,5,16
113,179,ganarMasa,experto,82,71.31,1,15,3,3,1
77,153,definir,medio,36,75.34,4,15,5,5,23
84,180,bajarPeso,experto,76,39.72,2,13,4,4,8
98,151,definir,experto,65,98.96,5,6,3,5,11
53,185,ganarMasa,medio,92,67.31,1,5,4,3,4
120,188,ganarMasa,experto,89,102.54,1,5,5,4,6
58,189,bajarPeso,principiante,74,69.27,2,6,3,3,17
78,200,bajarPeso,principiante,68,89.31,3,5,5,2,21
58,181,ganarMasa,medio,57,70.91,1,15,2,5,18
71,173,bajarPeso,experto,97,89.11,4,5,3,4,14
111,191,bajarPeso,experto,30,108.02,4,13,3,3,2
61,188,bajarPeso,medio,79,93.76,5,7,1,4,11
98,191,definir,medio,68,92.93,1,7,4,1,7
106,187,ganarMasa,principiante,76,102.91,4,9,5,2,5
82,162,definir,medio,15,44.54,1,10,1,3,21
55,170,ganarMasa,medio,71,76.44,1,9,3,2,12
104,152,ganarMasa,medio,7,77.66,3,6,2,2,20
86,181,ganarMasa,medio,52,108.55,4,13,1,2,9
52,160,definir,medio,72,65.08,4,13,5,4,14
65,198,bajarPeso,medio,52,54.65,5,7,5,3,22
86,190,definir,principiante,17,66.01,3,10,2,1,20
51,166,definir,principiante,20,34.57,3,8,1,1,5
93,196,definir,experto,55,57.23,1,7,2,5,18
77,175,ganarMasa,experto,10,101.58,5,11,2,3,18
105,193,definir,principiante,92,52.98,1,11,5,4,4
89,195,ganarMasa,medio,47,88.44,3,5,3,2,15
88,187,bajarPeso,principiante,45,110.63,5,5,2,4,1
69,173,definir,medio,63,95.11,2,14,1,3,7
51,155,ganarMasa,medio,96,22.11,2,7,5,2,2
93,176,bajarPeso,medio,4,56.26,2,11,4,5,23
85,189,bajarPeso,principiante,66,23.96,1,9,1,1,16
75,186,bajarPeso,experto,85,75.22,2,15,3,4,26
74,179,definir,medio,51,41.63,1,6,3,2,1
88,186,ganarMasa,medio,100,86.97,5,12,2,4,15
58,187,definir,experto,86,112.78,4,5,4,3,4
52,187,bajarPeso,principiante,59,51.78,1,13,3,3,8
96,193,definir,medio,74,72.55,5,15,3,3,1
74,199,ganarMasa,principiante,39,84.91,4,10,3,3,3
114,172,ganarMasa,principiante,15,105.52,5,11,3,4,16
76,162,definir,experto,92,103.58,2,12,5,1,16
74,173,ganarMasa,principiante,38,52.8,4,7,5,3,23
55,192,bajarPeso,medio,95,105.75,1,12,5,5,22
118,172,definir,experto,11,113.47,1,10,5,5,19
53,184,bajarPeso,experto,51,67.83,5,5,3,1,24
112,187,ganarMasa,principiante,66,30.47,3,5,1,3,3
83,191,bajarPeso,medio,36,17.52,5,5,4,1,14
78,190,definir,experto,10,113.04,3,15,1,4,3
55,182,definir,medio,13,50.88,2,7,2,2,13
104,189,bajarPeso,experto,70,47.6,4,8,1,4,1
82,180,definir,medio,65,23.19,1,5,2,3,23
91,189,definir,principiante,88,91.4,4,10,1,3,22
73,194,definir,medio,5,65.9,5,6,1,3,17
85,162,bajarPeso,medio,73,116.83,5,11,5,3,15
55,162,bajarPeso,principiante,100,113.74,4,9,5,5,15
78,150,definir,experto,17,77.42,4,15,3,5,24
73,160,ganarMasa,medio,99,50.95,5,14,1,4,10
81,151,ganarMasa,medio,71,105.67,3,12,4,3,20
68,182,definir,medio,75,117.7,3,6,4,4,14
78,170,bajarPeso,principiante,2,98.85,5,5,5,3,10
107,189,ganarMasa,principiante,2,85.78,2,6,2,3,12
67,196,bajarPeso,principiante,74,80.76,1,5,1,3,19
90,161,definir,medio,76,58.11,3,11,1,4,22
76,174,ganarMasa,principiante,93,85.34,4,12,5,5,3
56,194,definir,experto,6,15.05,4,10,1,3,13
119,163,bajarPeso,medio,44,60.88,2,15,4,1,6
120,161,definir,experto,58,70.13,1,14,2,3,3
110,198,ganarMasa,experto,38,20.77,4,12,3,5,18
59,166,ganarMasa,experto,8,67.73,3,8,2,5,23
54,179,ganarMasa,medio,32,75.2,2,9,1,1,12
70,175,bajarPeso,principiante,31,25.29,4,10,3,3,1
104,181,ganarMasa,experto,8,59.1,2,9,3,5,8
68,200,definir,medio,44,107.49,2,14,5,3,25
74,192,definir,medio,100,36.7,3,5,2,3,10
91,170,bajarPeso,principiante,56,115.48,5,15,4,4,16
60,173,ganarMasa,medio,5,69.38,4,5,5,3,12
113,170,definir,experto,8,88.07,1,8,4,1,15
69,190,bajarPeso,principiante,98,36.77,4,12,1,5,24
67,154,bajarPeso,principiante,70,96.23,2,13,5,2,14
112,177,bajarPeso,principiante,45,84.98,3,6,3,4,6
68,173,ganarMasa,medio,64,60.7,2,15,4,2,15
67,178,bajarPeso,principiante,96,84.6,1,10,5,5,17
73,180,ganarMasa,principiante,28,80.12,3,15,5,3,22
94,200,definir,principiante,18,60.59,3,15,3,4,12
55,154,definir,medio,96,20.09,4,13,4,3,6
66,185,definir,experto,70,27.71,2,7,5,1,18
61,161,bajarPeso,experto,83,110.74,3,6,2,2,18
99,174,definir,principiante,14,57.25,2,15,4,3,11
94,186,definir,medio,89,47.05,5,5,5,3,13
79,172,ganarMasa,experto,45,83.43,3,10,4,4,24
60,165,bajarPeso,experto,59,98.54,2,8,2,4,5
92,165,definir,principiante,37,17.25,1,12,4,3,13
90,191,definir,experto,7,115.78,2,7,1,3,24
84,200,ganarMasa,principiante,58,94.64,4,15,1,1,13
59,172,ganarMasa,experto,11,72.52,4,10,4,3,25
115,174,ganarMasa,principiante,71,109.11,2,9,1,3,1
79,161,ganarMasa,medio,62,25.74,3,5,3,4,10
94,158,definir,experto,76,17.9,4,10,5,5,23
65,153,bajarPeso,medio,11,94.94,3,10,5,4,6
82,192,ganarMasa,experto,70,110.12,1,7,1,4,10
72,195,ganarMasa,experto,88,62.91,2,6,2,2,6
93,180,definir,principiante,59,104.16,4,9,1,1,19
71,181,bajarPeso,principiante,58,28.1,3,14,5,3,23
102,191,bajarPeso,principiante,83,99.57,4,7,4,1,18
108,182,ganarMasa,principiante,17,59.86,3,8,3,3,5
97,153,bajarPeso,experto,3,112.57,4,14,5,5,17
106,160,bajarPeso,experto,6,21.71,2,14,2,1,12
64,172,bajarPeso,medio,3,100.67,4,9,3,4,17
97,152,ganarMasa,experto,77,41.91,3,6,3,2,10
58,180,bajarPeso,experto,88,90.28,3,10,2,1,22
92,192,ganarMasa,experto,51,84.96,4,10,5,3,16
91,153,ganarMasa,principiante,64,116.4,5,9,3,3,5
57,150,bajarPeso,experto,45,118.0,2,6,5,1,15
108,153,definir,medio,95,68.06,3,15,4,3,16
86,195,bajarPeso,medio,42,81.49,1,7,3,4,24
65,153,bajarPeso,medio,19,110.38,4,9,5,1,21
88,154,bajarPeso,medio,24,49.51,2,7,3,2,17
87,176,ganarMasa,medio,72,17.25,3,5,5,5,20
97,199,ganarMasa,medio,39,36.46,1,13,5,1,2
104,185,definir,principiante,5,53.48,4,14,3,4,20
112,178,ganarMasa,medio,7,92.45,5,15,1,4,26
57,155,definir,medio,6,109.4,2,9,3,1,21
105,177,bajarPeso,experto,100,48.93,3,15,2,4,10
60,192,ganarMasa,medio,36,29.65,4,7,2,2,24
98,197,definir,principiante,55,39.78,2,5,5,4,25
120,177,bajarPeso,experto,22,61.43,1,12,1,4,14
80,153,definir,experto,20,86.27,1,12,3,2,22
97,180,ganarMasa,medio,79,36.5,3,11,3,1,7
120,181,ganarMasa,medio,1,106.32,3,10,4,2,7
99,179,bajarPeso,experto,55,63.78,2,12,3,1,9
74,155,bajarPeso,experto,99,30.74,1,13,5,4,13
85,187,bajarPeso,experto,51,24.34,4,9,1,5,21
57,193,bajarPeso,experto,69,101.09,5,5,3,4,13
79,188,ganarMasa,experto,38,70.77,2,7,5,3,26
61,183,definir,medio,65,48.45,1,14,1,3,18
88,196,definir,medio,31,58.02,2,10,3,2,4
83,167,bajarPeso,medio,92,66.96,5,14,4,1,3
96,196,definir,principiante,56,67.15,4,15,5,1,13
109,196,ganarMasa,medio,45,60.97,3,6,5,4,10
104,161,definir,principiante,11,105.47,3,10,2,5,1
56,197,bajarPeso,experto,8,87.4,1,10,5,5,4
81,155,definir,principiante,90,78.17,4,10,3,1,12
69,155,ganarMasa,medio,98,104.35,5,14,4,4,23
104,161,bajarPeso,experto,18,63.79,1,14,1,3,3
97,175,ganarMasa,principiante,82,73.37,1,6,5,5,15
116,179,ganarMasa,principiante,20,76.29,4,14,1,2,1
74,198,bajarPeso,experto,10,93.54,2,7,2,1,12
106,183,ganarMasa,experto,97,62.69,5,14,2,4,19
108,192,ganarMasa,principiante,85,62.91,5,10,1,3,22
81,185,ganarMasa,principiante,37,15.35,5,14,3,4,25
111,159,bajarPeso,experto,33,91.74,2,12,1,3,13
76,182,ganarMasa,medio,57,77.33,4,10,5,2,17
112,177,definir,principiante,32,81.47,4,12,2,2,7
74,198,ganarMasa,medio,21,102.84,3,7,5,2,5
120,195,ganarMasa,medio,89,76.21,4,15,2,3,18
98,153,definir,experto,31,118.73,2,7,2,1,15
73,152,bajarPeso,experto,10,80.36,2,11,3,1,6
61,154,bajarPeso,principiante,40,51.68,3,11,1,4,15
61,153,ganarMasa,principiante,92,117.94,1,7,2,2,6
84,165,definir,experto,11,103.48,2,10,1,2,8
69,178,definir,medio,81,61.13,2,15,1,5,14
81,164,bajarPeso,experto,53,89.83,5,10,3,3,21
86,154,definir,experto,79,17.36,3,12,5,5,18
82,178,bajarPeso,principiante,74,46.02,4,10,4,1,25
66,186,definir,medio,73,105.93,1,8,2,3,17
52,163,definir,principiante,17,28.92,4,8,5,3,21
111,171,ganarMasa,experto,19,60.87,4,12,2,3,14
93,153,ganarMasa,principiante,36,88.81,4,15,4,3,1
77,166,definir,experto,99,70.46,2,11,3,1,12
61,176,ganarMasa,experto,54,23.83,5,14,3,5,25
113,199,definir,experto,18,42.63,5,15,1,2,1
83,190,definir,experto,21,38.34,5,7,5,3,12
52,192,bajarPeso,principiante,10,117.08,4,6,1,1,1
78,152,bajarPeso,medio,98,32.73,2,7,1,3,13
75,183,bajarPeso,principiante,11,91.0,2,10,5,4,10
120,198,definir,principiante,78,84.21,5,7,5,5,20
69,175,definir,principiante,52,96.6,3,5,2,3,19
105,163,ganarMasa,experto,58,77.88,4,15,1,3,5
73,162,ganarMasa,experto,75,21.53,1,5,5,4,18
89,163,definir,principiante,32,40.99,4,7,3,4,6
112,183,definir,experto,99,55.64,4,11,1,2,14
100,171,bajarPeso,experto,100,86.15,1,9,3,3,23
81,154,definir,experto,73,28.03,3,14,2,1,18
95,162,ganarMasa,experto,92,82.97,1,5,2,5,26
110,179,ganarMasa,principiante,17,17.39,5,10,4,4,17
119,169,ganarMasa,experto,78,62.93,2,10,1,4,4
102,155,definir,medio,16,32.62,5,10,2,2,8
98,161,bajarPeso,medio,89,31.07,3,14,1,3,10
91,187,bajarPeso,medio,83,48.47,4,6,3,2,13
85,170,bajarPeso,principiante,77,24.98,3,6,3,3,8
83,165,definir,experto,13,81.55,3,6,2,1,25
115,173,definir,principiante,47,66.72,3,6,3,5,17
111,161,definir,medio,22,27.33,4,6,4,1,13
51,182,definir,principiante,53,25.11,2,9,5,2,15
80,197,definir,principiante,79,119.35,2,7,2,1,6
93,196,ganarMasa,experto,14,30.9,2,7,3,1,2
50,190,ganarMasa,principiante,61,77.48,4,7,3,1,17
96,163,definir,principiante,76,48.71,4,10,1,2,20
62,193,definir,principiante,97,55.08,3,14,5,4,9
104,188,bajarPeso,experto,84,49.42,3,7,3,1,13
60,151,definir,medio,37,65.55,2,14,5,2,6
102,173,definir,experto,3,69.05,3,7,3,3,25
58,197,bajarPeso,experto,69,60.91,3,12,4,3,3
50,178,ganarMasa,medio,67,42.81,4,14,1,1,16
81,199,bajarPeso,medio,52,90.33,3,11,2,1,14
51,155,bajarPeso,experto,49,29.13,5,11,4,4,24
111,162,bajarPeso,principiante,100,50.89,5,14,1,5,12
94,191,ganarMasa,medio,60,28.11,2,11,4,2,5
86,155,bajarPeso,principiante,46,36.95,1,13,4,4,20
63,158,ganarMasa,medio,90,116.88,4,5,3,2,13
112,184,ganarMasa,medio,82,31.12,5,10,3,1,22
114,181,definir,principiante,85,85.7,2,13,5,2,24
93,157,ganarMasa,principiante,1,110.55,3,13,3,4,9
118,170,bajarPeso,experto,83,101.57,5,8,3,2,21
54,156,ganarMasa,medio,33,89.83,1,9,4,5,8
75,194,definir,principiante,46,60.4,4,12,4,1,7
73,180,bajarPeso,medio,22,66.34,1,10,4,3,10
120,159,definir,principiante,6,66.46,4,5,2,3,25
70,183,bajarPeso,experto,78,27.6,4,15,5,3,12
78,195,bajarPeso,medio,85,103.2,3,12,3,1,14
72,163,definir,principiante,40,32.46,3,9,1,5,4
51,171,ganarMasa,medio,99,113.19,4,8,5,5,16
82,153,definir,experto,68,46.57,2,10,5,3,14
104,194,definir,medio,30,117.04,5,9,2,3,13
103,193,definir,medio,51,53.78,3,5,5,4,25
50,150,definir,medio,55,62.03,4,10,2,3,10
67,199,ganarMasa,principiante,45,99.14,1,13,3,2,2
62,181,bajarPeso,experto,41,57.05,4,13,5,2,1
99,189,definir,experto,1,43.63,4,14,5,4,1
75,198,definir,experto,66,62.33,3,11,1,5,13
109,199,definir,medio,66,84.72,4,8,2,5,9
53,171,definir,principiante,55,82.26,4,12,5,4,16
57,170,definir,experto,29,46.26,4,13,5,3,12
72,190,bajarPeso,medio,87,119.22,4,8,1,4,13
83,164,definir,principiante,99,22.91,2,12,4,1,9
57,184,bajarPeso,experto,42,75.96,1,9,2,5,10
106,155,definir,principiante,60,49.19,2,15,4,2,22
100,180,bajarPeso,principiante,81,75.56,5,9,2,5,23
115,150,bajarPeso,medio,56,54.95,1,14,5,2,13
93,160,bajarPeso,principiante,13,26.9,3,7,3,3,3
85,197,definir,experto,36,110.07,2,14,5,2,5
79,171,ganarMasa,medio,95,81.93,5,10,3,1,5
89,152,definir,experto,27,46.72,3,13,2,1,2
68,173,definir,experto,86,67.87,3,10,5,4,19
66,184,ganarMasa,medio,14,24.73,1,9,1,3,8
60,170,bajarPeso,experto,9,15.54,5,10,4,3,2
112,185,definir,experto,93,72.99,4,11,2,1,26
82,160,bajarPeso,experto,91,77.61,1,13,2,3,9
82,185,ganarMasa,experto,8,94.88,4,10,1,4,1
56,162,ganarMasa,principiante,4,61.15,4,7,2,4,17
50,191,bajarPeso,experto,30,49.55,1,15,2,3,4
111,192,definir,experto,9,77.91,1,6,3,3,18
52,186,definir,experto,78,39.3,3,9,3,4,7
85,191,bajarPeso,experto,92,58.34,4,13,5,3,18
67,184,bajarPeso,principiante,29,119.33,3,12,1,2,4
68,166,bajarPeso,principiante,19,38.68,5,9,5,4,8
71,163,bajarPeso,experto,15,53.39,4,5,4,3,11
86,176,ganarMasa,medio,16,79.28,5,6,5,1,25
54,185,ganarMasa,medio,67,82.03,1,8,1,5,18
59,160,ganarMasa,principiante,95,81.98,5,6,4,2,10
77,172,bajarPeso,principiante,5,106.04,1,13,4,3,18
101,193,ganarMasa,experto,30,93.7,2,7,3,5,17
51,163,ganarMasa,medio,50,45.05,2,11,1,1,8
71,190,bajarPeso,experto,56,64.57,5,14,3,3,22
72,169,definir,medio,21,79.55,3,6,1,2,25
93,194,definir,principiante,74,100.5,5,12,2,3,8
60,167,bajarPeso,experto,5,102.57,5,7,1,4,9
62,166,definir,principiante,85,62.24,2,12,1,2,19
69,180,definir,medio,67,21.81,1,7,2,2,22
110,172,ganarMasa,medio,84,24.1,4,9,3,1,13
62,163,bajarPeso,medio,26,68.14,4,6,1,2,10
52,168,definir,principiante,27,16.81,1,15,4,3,7
57,171,ganarMasa,principiante,72,76.41,2,6,4,1,5
106,159,ganarMasa,principiante,98,49.2,1,7,4,5,16
107,150,definir,medio,86,41.33,1,6,5,2,13
99,152,definir,medio,77,94.27,2,5,4,5,9
71,185,bajarPeso,experto,35,54.58,4,13,5,3,11
70,179,bajarPeso,medio,95,75.83,2,10,1,2,25
92,191,definir,principiante,2,106.39,3,11,3,2,26
97,195,ganarMasa,experto,57,103.23,5,11,5,1,19
94,178,ganarMasa,principiante,44,76.61,3,15,3,5,15
92,166,ganarMasa,principiante,77,30.0,5,15,4,5,11
59,177,ganarMasa,medio,84,66.62,5,8,4,3,14
77,181,definir,principiante,39,26.46,5,9,1,3,16
67,189,ganarMasa,principiante,85,26.22,4,8,1,1,13
70,152,definir,medio,55,102.97,5,11,3,3,9
58,158,definir,experto,18,36.35,3,14,2,3,2
55,162,bajarPeso,medio,59,65.29,5,10,5,4,19
54,176,ganarMasa,experto,71,15.39,1,9,3,1,15
96,186,bajarPeso,principiante,23,92.27,1,10,3,3,18
79,162,ganarMasa,medio,65,64.48,3,11,2,4,25
82,183,ganarMasa,principiante,95,100.66,4,6,5,4,5
107,195,bajarPeso,medio,88,85.28,4,5,4,4,3
